h121,h29,2,2,211,212,213,214,215,216,217,218,219,220,221,222,223,224,225,226,227,242,243,244,245,246,247,248,442,464,465,466,592,595,596,597,598,751,781,813,817,818,820,821,820,821,1000,1001,1002,1003,1004,1006,1007,1008,1009,1010,1000,1001,1002,1003,1004,1005,1134,1138,1139,1140,1134,1135,1136,1137,1138,1139,1138,1139,1138,1146,1167,1403,1404,1410,1432,1433,1432,1433,1434,1435,1440,1896,1899,1905,1906,1907,1909,1910,2098,2099,2104,2101,2102,2146,2147,2150,2483,2486,2487,2736,2740,3034,3752,3753,3754,3755,3756,3762,3763,3762,3763,3764,3765,3775,3871,3872,4176,4500,4501
h122,h30,25,25,36,37,38,39,40,41,42,43,44,45,46,47,48,41,43
h76,h13,15,15,162
h140,h23,48,48,34,35,959,960,961,962,963,964,965,966,967,968,969,970,971,972,973,974,975,976,977,978,1157,1259,1261,1378,1379,1380,1381,1382,1383,1384,1385,1386,1399,1456,1455,1455,1456,1457,1458,1470,1486,1512,1513,1514,1512,1513,1544,1585,1589,1792,1819,1820,1866,1880,1881,1918,1921,1932,1933,1936,2003,2005,2370,2667,2672,2675,2697,2880,2995,3169,3595,3594,3743,3792,4012,4011,4013,4437,4857
h57,h11,24,24,324,325,326,327,328,329,330,331,332,333,334,335,336,337,389,390,391,535,536,537,538,601,627,628,625,626,751,752,753,759,760,750,754,755,756,757,758,764,765,766,767,768,769,770,842,843,844,845,1006,1027,1159,1160,1161,1161,1162,1163,1163,1164,1165,1171,1172,1173,1174,1200,1201,1202,1225,1275,1336,1468,1469,1737,1744,1739,1740,1740,1741,1781,1865,2022,2198,2416,2417,2421,2542,2966,3202,3453,3455,3698,3700,3701,4006,4010,4012,4013,4014,4718,4719,4721,5172,5439,5445,5448
h47,h15,52,52,110,111,112,113,114,115,116,117,118,119,120,121,122
h77,h3,62,62,53,54,55
h71,h3,33,33,270,271,272
h79,h4,38,38,88,89,329,330,331,332,333,334,336,337,338,339,340,341,342,343,344,345,367,359,360,361,362,363,364,365,366,362,363,364,365,366,437,442,768,769,770,771,812,813,814,815,816,813,814,1136,1137,1138,1139,1140,1136,1137,1138,1186,1234,1237,1241,1242,1243,1308,1312,1425,1597,1601,1601,1603,1602,2149,2150
h15,h6,7,7,273,274,275,276,277,278,279,280,281,2144,2148
h98,h17,74,74,12,13,14,24,25,26,27,29,30,31,32,34,35,38,39,41,43,9,10,11,15,16,17,18,19,20,21,22,23,28,33,36,37,40,42,44,45,46,47,48,49,161,162,163,199,200,201,306,307,308,309,400,404,405,585,577,583,584,589,595,596,626,627,633,634,635,639,641,663,682,683,684,732,737,738,737,738,739,740,739,834,837,840,905,907,910,910,1018,1023,1025,1175,1207,1209,1215,1217,1225,1244,1245,1520,1780,1785,1832,1831,1833,1835,2040,2046,2060,2061,2062,2063,2066,2067,2068,2256,2260,2261,2261,2262,2733,2734,2735,2896,2897,3001,3213,3215,3218,3415,3416,3418,3419,3422,3423,3693
h66,h20,82,82,59,1076,1196,1196,1197,1198,1206,1207,1294,1295,1296,1297,1298,1458,1459,1460,1461,1463,1466,1492,1494,1495,1494,1499,1624,1705,1718,1717,1758,1760,1761,1758,1759,1762,1777,1778,2092,2292,2293,2367,2369,2365,2368,2369,2370,2371,2372,2529,2598,2787,2788,2790
h68,h16,45,45,60,61,79,80,81,82,83,84,85,119,120,121,122,123,124,125,126,290,291,292,293,294,290,291,294,295,325,326,327,328,379,380,381,382,383,384,939,940,942,943,944,945,946,942,939,940,941,939,940,961,962,961,961,962,963,1032
h103,h11,108,108,36,37,38,39,40,42,44,48,41,43,45,46,47,56,61
h78,h22,120,120,7,11,15,20,27,30,46,17,18,19,21,22,23,24,25,26,28,29,31,32,33,34,35,36,37,38,39,40,41,42,43,44,45,47,48,49,15,20,624,625,1174,1183,1187,1188,1551,1560,1597,1597,1598,1720,1721,1722,1723,1830
h67,h8,96,96,145,148,149,150,151,164
h106,h5,28,28,446,447,448,449,450,451,452,453,454,455,456,457,458,459,460,461,462,463,464,465,466,467,546,623,624,625,623,624,685,688,689,691,687,690,758,762,757,760,761,763,764,773,772,772,773,778,779,780,778,779,796,819,820,837,838,839,840,841,1119,1123,1127,1147,1148,1149,1205
h70,h25,125,125,15,16,17,18,19,20,21,22,23,24,25,26,27,28,29,30,31,32,33,34,35,36,37,38,39,40,224,228,224,225,226,226,231,231,237,238,239,271,264,265,266,267,268,269,270,294,295,296,317,318,319,320,321,322,365,363,364,383,384,386,387,388,389,430,431,432,433,434,474,532,533,534,536,551,585,603,717,719,720,721,722,737,739,740,981,982,1127,1131,1137,1411,1414,1411,1423,1470,1471,1472,1473,1474,1576,1578,1577,1843,2534,2684,2684,2909,2915,3028,3029,3433,3446,3567,3570,3569,3567,3568
h59,h22,29,29,703,704,705,706,707,708,709,710,711
h58,h31,113,113,44,45,46,47,48,49,50,51,52,53,54,55,56,57,58,165,166,167,168,169,279,540,747,748,750,751,746,749,773,772,933,934,923,924,925,926,927,928,929,930,931,932,965,966,967,968,969,959,960,961,962,963,964,993,991,992,994,995,996,1033,1031,1032,1034,1057,1058,1059,1060,1061,1085,1090,1089,1091,1093,1134,1142,1143,1599,1601,2334,5044,5043
h70,h26,132,132,35,41,44,46,34,38,42,43,45
h46,h16,124,124,105,96,97,100,102,103,106,107,109,111,103,104,105,106,410,411,412,413,414,415,416,417,418,419,420
h25,h1,136,136,22,36,37,42,37,38,33,34,35,36
h6,h26,143,143,8,38,41,42,43,45,49,5,6,10,12,14,29,30,31,32,33,34,35,36,37,39,40,44,46,47,48,6,7,8,9,10,11,12,13,14,15,16,5,17,137,138,143,144,145,158,228,229,230,228,229,245,246,247,248,252,253,459,461,462,459,460,459,489,554,555,629,630,631,632,633,708,709,712,713,714,715,715,763,1001,1004
h68,h26,91,91,136,140
h49,h14,68,68,618,619,620
h33,h14,144,144,48,47
h54,h18,156,156,19,20,22,23,24,25,26,27,29,30,31,35,10,11,12,13,15,16,17,18,21,28,32,34,68,61,62,63,64,65,66,67,69,70,71,165,166,167,168,169,170,527,526,528,529,526,528,611,612,611,620,621,627,633,633,672,673,674,675,690,724,727,727,728,731,738,771,772,778,779,780,781,818,820,820,821,825,826,977,979,989,1069,1070,1083,1084,1085,1103,1106,1269,1272,1274,1273,1274,1276,1277,1278,1369,1408,1504,1503,1502,1505,1513,1516,1634,1828,1834,2027,2180,2470,2471,2479,2478,2479,2480,2608,3001,3026,3850,4662,4916
h88,h18,16,16,360,362,363,364,365,359,361,367,368,369,370,418,419,420,587,588,643,644,660,748,750,751,752,753,754,776,777,778,779,820,823,824,824,825,826,836,877,878,879,880,880,881,927,928,998,1000,1000,1001,1000,1002,1003,1003,1004,1005,1007,1008,1009,1011,1012,1013,1019,1017,1018,1116,1117,1120,1121,1122,1123,1408,1409,1414,1416,1412,1414,1414,1412,1413,1416,1415,1448,1450,1612,1838,1839,1873,1874,1937,2035,2036,2037,2038,2178,2181,2187,2191,2444,2446,2450,2849,2855,2861,2862,2864,3185,3184,3186,3445,3448,3448,3487,3488,3489,3661,3662,3930,4488,4489,4493,4496
h16,h17,162,162,26,27,28,29,30,31,32,33,34,402,405,409,401,404,407
h42,h18,150,150,52,184,185,376,377,367,368,369,370,371,372,373,374,375,455,457,514,516,513,515,580,581,579,611,605,606,607,608,609,610,639,637,638,641,642,683,698,699,701,697,722,723,724,730,731,731,732,733,734,735,771,779,810,811,830,878,880,877,880,882,881,885,884,886,885,893,901,903,904,911,931,935,930,934,936,934,938,936,939,940,938,956,958,965,966,967,1132,1166,1165,1171,1166,1493,1492,1495,1527,1528,1534,1535,1656,1659,1660,1667,1668,1669,2337,2338,2339,2340,2341,2342,2336,2346,2345,2504,2510,2511,2511,2510,2512,2924,2925,2931,3528,3530,3526,3529,3529,3715,3717,3717,3718,3717,3718,3720,4288,4287,4306,4309,4311,4713,4966,5159
h48,h30,160,160,38,42,37,39,40,41,331,332,333
h116,h17,152,152,41,42,43,44,45,46,47,48,49,342,344,345,346,347,348,349
h6,h17,42,42,239,240,241,242,243
h36,h17,20,20,224
h128,h30,114,114,134,136,363,367,368,366,512,513,511
h103,h25,39,39,211,212,436,437,439,436,437,438,438,439,444,479,480,481,498,499,509,510,528,529,571,572,574,606,625,626,627,636,666,700,717,816,817,819,821,822,823,824,846,929,930,970,971,972,973,973,975,976,977,976,978,987,986,995,997,997,999,1000,1008,1025,1063,1158,1223,1223,1284,1284,1285,1287,1455,1455,1458,1497,1609,1610,1643,1738,1739,1866,1868,1867,1868,1867,1868,1869,2013,2149,2152,2429,2754,2754
h3,h9,149,149,27,29,333,430,431,432,433,434,436,437,438,439,792,795,796,797,846,847,848,1030,1031,1032,1033,1168,1169,1170,1193,1193,1194,1195,1202,1204,1205,1207,1208,1269,1269,1270,1271,1272,1273,1269,1270,1271,1291,1296,1385,1393,1393,1394,1395,1396,1401,1404,1405,1401,1403,1404,1408,1412,1414,1415,1416,1417,1420,1771,1777,1773,1777,1784,2104,2110,2111,2112,2114,2115,2117,2125,2127,2574,2579,2579,2581,2582,2725,2735,2738,2739,2756,3225,3226,3247,3252,3253,3254,3403,3404,3407,3408,3406,3410,3414,3426,3427,3518,3526,3527,3530,3532,3532,3533,3534,3533,3533,3534,3536,3541,3542,3543,3544,3543,3544,3545,3548,3549,3550,3551,3555,3558,3559,3564,3565,3566,3566,3569,3571,3572,3573,3575,3579,3581,3582
h34,h4,98,98,107,108,109,110,110,111,114,116,117,126,127,128,127,127,220,221,222,223,224,401,421,422,423,421,425,424,426,424,425,469,471,469,495,496,522,520,571,575,671,741,743,884,887,889,888,917,1066,1063,1064,1065,1067,1161,1530,1531,2412,2474,2475,2484,2489
h131,h15,80,80,188,193,194,195,206,207,208,209,210,231,232,239,240,238,241,307,308,309,310,311,312,313,320,321,322,323,322,334,335,336,334,335,376,377,380,380,389,408,525,639,644,655,656,668,672,687,688,866,870,950,969,1236,1237,1244,1322,1383,1464,1466,1469,1561,1689,1691,1806,2012,2357,2362,2533,3345,3686,3687,3824
h79,h17,122,122,0,1,2,3,4,5,6,7,8,9,10,11,12,13,14,15,16,17,18,19,20,21,22,23,24,25,26,27,28,29,30,31,32,33,34,35,36,37,38,39,40,41,42,43,44,45,46,47,48,49,78,103,104,105,103,104,103,103,109,110,110,337,338,339,340,341,337,338,339,340,341,496,496,497,496,505,550,553,554,573,669,670,761,905,908,909,1104,1105,1106,1138,1202,1248,1254,1256,1309,1341,1457,1462,1458,1459,1459,1637,1639,1639,1640,2150,2418,2527,2594,2595,2659,2861,2861,2883,2884,2883,2884,3112,3113,3114,3115,3526,3535,3799,3803,3804,4183,4455,4456,4457,4455,4458,4462,4601
h70,h30,95,95,83,85,86,87,94,95,96,97,98,94,95,96,123,124,123,132,133,192,193,198,192,193,194,195,226,247,248,381,382,383,384,385,516,519,520,518,519,518,602,658,857,858,859,858,859,860,858,859,953,955,955,1125,1127,1129,1125,1508,1511,1645,1646,1647,1648,1648,1649,1670,1671,1674,1674,2011,2122,2136,2166,2260,2261,2357,2360,2465,2489,2525
h72,h4,182,182,41,45,47,49,50,51,52,53,54,55,56,57,58,59,44,46,48,125,126,258,259,260,261,262,263,264,265,266
h30,h5,164,164,94,95,96,92,93,125
h23,h1,161,161,36,37,38,39,40,41,42,43,44,45,46,47,48,49,50,51,52,53,54,55,56,57,58,59,60,61,62,63,64,65,104,112,290,291,293,294,287,288,289,292,295,296,297,399,447,448,449,450,451,474,475,477,487,488,490,491,488,489,548,546,547,549,546,547,555,556,912,909,919,924,924,968,969,971,970
h95,h15,141,141,154,153
h56,h11,172,172,293,294,295,296,297,298,299,300,301,302,303,304,305,306,307,308
h124,h30,227,227,8,9,10,11,13,15,16,29,35,37,41,43,45,46,47,48,49,5,6,12,5,6,7,8,9,10,11,12,13,14,15,16,17,112,113,110,111,125,126,127,128,125,126,173,193,194,192,195,196,197,200,199,201,211,212,213,210,211,214,215,255,256,358,355,356,357,355,356,357,358,384,385,384,422,488,489,490,563,565,565,566,566,568,744,788,790,793,791,792,791,791,792,1044,1045,1046,1512,1515,1516,1715,1716,1717,1718,1834,1826,1830,1833,2093,2095,2092,2094,2183,2187,2188,2444,2445,2446,2448,2443,2449,2445,2447,2443,2444,2446,2451,2762,2761,3009,3010,3008,3028,3030,3033,3074,3076,3073,3075,3677,3687,3676,3686,3688,3689,3681,3682,3684,3680,3681,3683,3684,3685,3685,3686,3686,3687,3689,3690,4066,4067,4078,4114,4308,4311,4310,4536,4533,4992,4994,4991
h128,h28,214,214,46,47,48,49,17,18,19,20,21,22,23,24,25,26,27,28,29,30,31,32,33,34,35,36,37,38,39,40,41,42,43,44,45,609,610,611,651,652,653,654,655,656,657,658,659,810,811,812,813,814,815,816,856,1096,1097,1098,1099,1100,1102,1099,1204,1205,1206,1208,1213,1214,1215,1236,1239,1240,1265
h57,h28,223,223,58,59,60,61,63,64,67,69
h124,h1,231,231,32,33,34,35,36,37,38,39,40,41,42,24,25,26,27,28,29,30,31,164,165,164,170,171,169,169,170,170,171,192,195,328,330,351,355,356,375,448,449,450,460,461,472,473,497,498,500,674,678,679,682,884,881,889,1084,1087,1088,1089,1094,1091,1110,1529,1905,1912,1912,1934,1938,2307
h99,h25,238,238,29,30,32,33,35,36,37,38,39,40,48,49,44,45,46,47,154,155,156,241,242,243,244,245,246,247,294,294,295,296,365,362,366,375,374,376,376,383,384,385,388,389,402,403,404,405,406,407,416,417,417,416,418,417,506,507,508,513,514,570,565,569,571,572,604,663,665,669,667,668,669,671,670,676,677,676,678,679,678,680,680,681,692,693,694,702,724,727,725,726,732,734,760,1107,1195,1195,1196,1198,1199,1197,1199,1201,1200,1202,1203,1204,1205,1204,1209,1212,1214,1217,1216,1222,1223,1275,1276,1277,1278,1280,1279,1283,1282,1285,1320,1349,1355,1354,1353,1354,1353,1359,1640,1641,1642,1640
h82,h25,216,216,58,194,195,196,197,198,199,200,279,280,281,313,314,315,316,317,349,350,351,352,348,348,349,350,399,400,393,487,483,484,485,486,488,489,490,491,496,498,499,495,497,518,519,520,521,518,518,519,521,522,581,586,585,586,755,821,827,824,827,830,829,828,1007,1022,1023,1024,1044,1047,1045,1046,1052,1071,1077,1095,1094,1098,1213,1224,1222,1223,1239,1269,1272,1277,1279
h119,h25,256,256,29,30,31,32,33,34,35,38,39,40,41,23,24,25,26,27,28,36,37,145,463,464,465,490,491,489,504,525,526,527,528,529,530,535,536,537,538,584,588,588,589,590,612,613,614,615,616,751,752,753,754,755,756,757,758,759,760,761,763,764,765,766,767,769,879,882,884,885,886,888,991,1065,1067,1065,1066,1073,1074,1076,1074,1075,1093,1266,1270,1316,1318,1319,1320,1322,1324
h105,h30,253,253,61,62,63,64,65,66,67,68,70,72,74,53,54,56,57,58,59,60,69,71,73,75,140,534
h78,h7,260,260,23,24,25,26,27,28,29,30,31,32,33,34,35,36,37,38,39,40,41,42,43,44,45,46,47,48,49,22,61,60,229,281,280,282,466,463,464,465,467,524,525,544,543,547,548,560,562,563,560,561,586,598,602,622,623,624,625,626,627,628,653,760,800,801,802,899,900,944,1087,1162,1165,1164,1167,1166,1167,1168,1186,1190,1192,1403,1446,1450,1454,1460,1459,1480,1482,1481,1482,1483,1484,1684,1689,1687,1780,1781,1861,1864,1868,1866,1870,1868,1946,1947,1948,1949,1948,1950,1948,1960,1961,2122,2128,2129,2130,2126,2129,2131,2130,2276,2277,2278,2279,2553,2554,2557,2558,3177,3174,3179,3178,3495,3500,3501,3504,3504,3505,3942,3946,3947,3952,4170,4179
h20,h4,208,208,164,165,166,167,386
h91,h1,177,177,284,285,282,283,287
h99,h30,265,265,1,2,1,2,3,4,5,6,7,8,9,10,11,12,13,28,29,30,37,38,37,63,65,61,64,244,245,246,247,248,249,250,251,344,345,561,563,564,574,577,594,594,596,609,610,615,616,647,648,649,650,647,648,649,652,653,732,734,773,777,775,779,832,836,851,852,853,876,877,878,1174,1175,1203,1204,1205,1329,1330,1332,1330,1331,1331,1332,1335,1337,1338,1347,1348,1349,1467,1557,1558,2023,2024,2027,2027,2151,2152
h32,h16,159,159,289,290,461,462,463,464,465,466,467,468,469,470,471,472
h10,h7,174,174,673
h17,h7,271,271,18,34,179,218,221,296,297,296,297,301,302,303,304,301,302,301,402,403,404,405,406,402,403,404,424,425,426,427,428,445,449,449,450,508,539,608,620,621,1028,1029,1103,1105,1194,1350,1350,1351,1495,1863,1866,1872,1866,1870,1870,1871,1911,1927,1928,1927,1928,2090,2091,2092,2093,2412,2414,2419,2643,2644,2645,2817,2818,2819,2950,3121,3127,3349,3352,3651,3654,3930,3934,4313,4314,4316,4318,4319
h17,h15,59,59,281,529,530,531,532,533,534,535,536,576,577,578,606,607,608,609,610,724,743,742,769,770,822,877,927,928,929,930,972,1013,1019
h20,h15,254,254,73,74,75,76,77,266,268,269,270,271,333,336,346,347,348,451,452,471,507,511,540,541,663,664,683,684,685,686,734,870,873,878,911,915,918,918,921,922,949,950,951,952,959,1286,1288,1290,1358,1508,1517,1903,1904,1905,1945,1975,2309,2668,2675,2670,2671,2673,2674,2672,2676,2980,3168,3171,3369,3629,3631
h7,h9,266,266,22,23,24,25,26,27,28,29,30,31,32,33,34,35,36,37,38,39,40,41,42,43,44,26,27,28,26,27,28,29,90,90,91,92,93,805,809,810,1209,1210,1211,1535,1672,1673,1674,1675,1676,1677,1697,1790,1791,1795,1796,1797,1902,1903,1904,1906,1907,1980,1984,1985,1984,1985,1985,1986,1991,1992,1993,1995,1995,1996,1997,2012,2016,2017,2013,2013,2014,2020,2021,2022,2022,2023,2024,2025,2026,2055,2432,2435,2439,2445,2446,2447,2448,2449,2450,2506,2930,2933,2938,2959,2963,2964,3017,3018,3019,3020,3058,3059,3061,3061,3138,3142,3141,3145,3510,3515,3516,3517,3516,3517,4029,4036,4037,4037,4039,4037,4038,4819,4820,5032,5034,5035,5036,5039,5040,5047,5048,5049,5060,5063,5063,5064,5065,5066,5065,5069,5077,5313,5316,5563,5567
h70,h27,291,291,15,16,17,18,19,20,21,22,23,24,25,30,31,32,33,34,35,36,37,38,39,40,41,42,43,44,45,46,47,48,414,415,424,425,426,672,695,690,691,692,693,694,696,729,730,731,733,731,732,738,1473,1473,1474,1475,1476,1477,1478,1497,1501,1576,1577,1578,1579,1580,1581,1582,1648,1727,1729,1731,1728,1729,2077,2078,2082,2083,2084,2078,2079,2079,2080,2363,2371,2395,2398,2397,2398
h139,h32,37,37,799,800,801,802,803,793,794,795,796,797,798,857,878,888,889,956,957,979,980,980,979,980,981,980,982,1055,1058,1056,1056,1057,1086,1084,1101,1102,1239,1241,1238,1279,1280,1282,1305,1412,1437,1438,1608,1635,1636,1674,1708,1726,1729,1730,1729,1747,1803,1819,1820,1819,1820,1841,1839,1839,1840,1840,1843,1844,1845,1936,1938,1939,1940,1941,2028,2052,2051,2052,2053,2057,2075,2079,2161,2165,2408,2409,2437,2438,2467,2469,2470,3319,3475,3476,3585,3586
h39,h19,298,298,20,29,32,33,34,36,37,38,39,40,41,42,43,44,46,48,2,3,4,5,6,7,8,9,10,11,12,13,14,15,16,17,18,19,22,23,24,25,26,27,28,30,31,35,45,47,49,2,3,4,5,6,7,8,9,10,11,12,13,14,75,76,78,79,80,81,82,83,84,85,317,318,319,317,318,319,405,406,407,408,409,410,425,426,427,748,743,744,745,746,747,749,750,751,752,782,783,823,824,825,826,827,827,828,960,959,961,960,961,1008,1108,1170,1171,1172,1315,1318,1321,1418,1633,1885,2254,2360,2968,2969,3167,3178,3547
h57,h20,185,185,229,228,230,1088,1088,1089,1102,1102,1127,1128,1129,1192,1210,1212,1214,1213,1212,1213,1213,1248,1278,1504,1505,1506,1659,1661,1660,1661,1660,1661,1757,1758,1783,1888,1980,2054
h44,h26,262,262,68,66,67,114,115,322,323,324,325,322,323,324,323,322,333,334,332,390,393,428,429,444,445,446,447,457,460,491,494,497,632,633,636,637,638,635,1066,1068,1238,1240,1249,1307,1310,1430,1458,1682,1684,1691,1691,1692,1693,1773,1847,1866,1961,1972,1973,2086,2201,2202,2230,2396,2419,2551,2553,2583,3134,3172
h130,h19,293,293,72,73,74,75,86
h126,h31,304,304,43,44,45,46,47,48,49,50,60,62,63,68,71
h52,h11,326,326,5,17,19,21,23,25,28,29,31,32,36,37,38,84,85,147,148,149,150,151,152,177,181,181,182,203,204,205,206,207,208,228,229,230,231,302,303,331,332,333,334,336,337,338,336,337,338,340,340,341,527,531,593,593,596,738,875,903,941,942,1441,1443,1444,1445,1558,1561,1559,1560,1754,1757,1756,1757,1760,1775,1776,1986,2068,2094,2296,2296,2297,2298,2299,2516,2518,2523,2701,3012,3014,3015,3315,3318,3319,3490,3492,3600
h116,h14,317,317,16,18,20,22,24,26,38,40,42,45,27,480,696
h115,h1,287,287,150,151,152,153,154,155,156,157,158,166,167,168,169,170,172,173,211,220,226,227,228,229,267,268,313,314,311,312,354,358,359,366,367,413,414,415,416,417,418,444,444,444,713,713,714,717,814,913,914,1002,1005,1006,1111,1214,1216,1217,1224
h74,h21,204,204,416,417,418,420,422,440,441,439,442
h76,h26,225,225,230,232,234,236,237
h53,h13,301,301,66,67,167,168,169,170,304,305,362,363,389,390,391,392,411,412,407,408,409,410,407,408,409,407,408,413,413,485,486,487,486,510,509,520,521,527,575,576,578,580,603,676,697,764,908,909,910,909,909,1259,1587,1588,1590,1609,1712,1714,1715,1717,1714,1715,1823,1828,1828,1830,1831,1832,1882,1882,2239,2283,2290,2291,2443,2687,2717,2718,2788,2789,3027,3031,3037,3040,3041,3040,3041,3193,3196,3197,3195,3199,3510
h120,h26,329,329,13,14,15,16,17,18,19,20,21,22,23,24,25,37,38,39,40,41,42,43,44,45,46,47,48,49,9,10,11,12,36,189,193,194,192,282,283,281,294,296,297,297,303,304,305,315,316,317,319,320,315,316,317,329,328,330,331,328,329,341,340,342,343,381,391,388,389,390,465,466,467,633,634,848,883,884,884,885,910,909,912,1091,1095,1156,1509,1510,1510,1511,1511,1511,1512,1513,1513,1514,1514,1515,1521,1522,1523,1549,1550,1551,1550,1553,1736,1789,1788,1792,1799,1801,1804,1807,1806,2127,2128,2130,2325,2326,2324,2328,2552,2551,2775,2776,2781,2783,2887,2888,2891,2892
h76,h19,328,328,21,27,28,35,36,38,40,44,47,13,14,15,16,17,18,19,20,22,23,24,25,26,29,30,31,32,33,34,37,39,41,42,43,45,46,48,49,25,25,26,27,28,29,30,31,378,379,380,381,382,378,379,664,664,665,697,698,699,700,701,702,703,697,698,699,700,723,725,726,727,726,727,803,804,812,813,818,819,949,951,953,955,953,954,955,1002
h87,h31,93,93,465,466,467,468,465,466,468,469,521,522,858,1253,1254,1255,1256,1257,1289,1291,1368,1369,1370,1371,1372,1373,1381,1382,1377,1378,1379,1380,1382,1383,1384,1421,1452,1451,1455,1466,1513,1514
h121,h15,76,76,549,555,556,557,558,621,623,624,625,629,630,631,701,702,704,744,757,764,765,766,1069,1070,1082,1093,1096,1152,1153,1154,1154,1197,1206,1207,1205,1401,1430,1432,1436,1437,1940,2206,2207,2209,2210,2210,2264,2402,2403,2544,2601,2604,2605,2601,2716,2717,2758,2837,2839,2838,2839,2842,2861,2863,2864,2872,2910,3023,3124,3383
h129,h15,330,330,43,37,38,41,42,47,48,86,87,88,89,90,91,92,103,104,124,125,147,148,156,159,157,158,166,167,168,169,170,170,171,318,319,321,323,325,411,412,413,411,412,427,430,481,593,603,618,620,625,626,638,639,858,880,1001,1006,1007,1111,1110,1108,1127,1130,1132,1130,1131,1133,1132,1369,1372,1373,1399,1433,1476,1477,1518,1522,1520,1521,1557,1670,1727,1861,1859,1860,1861,1895,2248,2249,2251,2279,2366,2514,2516,2539,2541,2541,2644
h69,h6,107,107,497,498,499,500,679,680,681,754,755,756,757,758,759,798,799,875,884,885,886,887,888,885,886,890,892,922,923,924,926,927,928,922,923,968,969,970,971,972,973,974,975,976,971,972,973,985,985,986,987,993,999,1190,1186,1191,1194,1195,1193,1196,1201,1393,1424,1426,1426,1427,1427,1428,1443,1445,1940,1943,1941,2059,2058,2060
h54,h2,318,318,27,28,29,30,31,32,33,34,35,36,37,38,39,40,41,42,43,44,45,46,47,48,93,92,92,104,105,115,116,153,155,159,200,208,208,225,226,227,250,261,262,263,264,265,268,269,270,394,533,625,626,1088,1093,1300,1305,1346,1349,1350,1795,1797,1799,1825,1998,1999,2002,2003,2003,2027,2032,2033,2033,2034,2125,2520,2521,2871,2879,2877,2878,2879,2884,2885,2889,3093,3281,3284,3314,3315,3753,3754,3756,3757,3758,3759,3765,3766,3801,3983,3988,3992,3993,3998,4285,4288,4293,4793,5089,5094
h93,h13,344,344,36,37,38,39,41,43,44,45,46,48,12,13,11,35,40,42,124,125,126,127,128,129,130,131,132,133,134,135,124,126,127,128,129,124,125,126,306,407,408,410,437,438,440,436,493,494,495,500,501,500,514,514,530,531,531,532,559,560,562,559,561,687,691,689,690,694,695,1030,1038,1043,1050,1049,1084,1088,1087,1086,1089,1090,1091,1089,1090,1091,1430,1437,1435,1436,1437,1440,1707,1708,1707,1708,1709,1861,1860,1893,1898,1899,1902,1904,1905,1903,1938,1937,2093,2094,2095,2096,2097,2481,2482,2483,2484,2485,2487,2486,2487,2489,2516,2517,2520,2515,2518,2520,2521,2522,2523
h92,h6,323,323,35,36,37,38,39,40,41,42,43,44,45,46,47,48,49,6,7,8,9,10,11,12,13,14,15,16,17,18,19,20,21,22,23,24,25,26,27,28,29,30,31,32,33,34,138,275,272,273,274,327,328,329,330,331,332,333,334,335,336,327,328,329,330,331,332,333,334,335,336,346,347,348,396,398,395,397,399,408,408,409,443,444,445,446,447,538,571,618,621,621,622,623,624,646,816,817,818,820,815,823,823,824,992,1094,1098,1097,1098,1098,1112,1284,1283,1286,1290,1439,1448,1784,2075,2077
h97,h13,341,341,41,43,45,42,44,425,565,636,639,640,643,641,642,652,654,652,653,666,665,665,673,672,683,684,681,682,703,702,705,774,777,841,840,843,844,847,847,848,1054,1056,1058,1059,1058,1322,1323,1324,1326,1327,1322,1324,1326,1327,1326,1328,1327
h26,h11,280,280,189,186,187,188,190,189,190,191,193,502,505,506,502,503,504,502,503,504,509,510,513,522,523,610,611,612,613,612,613,612,613,612,619,620,621,619,620,619,754,760,903,905,906,907,910,1035,1215,1216,1273,1275,1276,1277,1279,1281,1282,1381,1384,1665,1667,1671,1707,2065,2066,2067,2068,2069,2073,2129,2135,2136,2134,2140,2385,2387,2394,2395,2397,2710,2713,2714,2717,2718,3266,3520,3566,3567,4000,4000,4002,4284,4431,4551,4554,4555,4557,5091,5093,5102
h117,h11,338,338,59,53,54,55,56,57,58,60,62,63,64,59,101,126,176,177,178,179,202,203,204,205,206,207,230,224,225,226,227,228,229,224,225,226,227,224,225,288,289,290,314,315,316,314,315,343,344,348,376,380,400,422,445,446,600,653,687,909,910,909,910,1022,1023,1024,1026,1027,1029,1030
h112,h13,171,171,457,458,459,460,785,786,787,788,789,791,792,793,794,823,824,825,826,827,926,927,928,930,921,922,923,924,925,929,937,938,939,940,941,942,943,1084,1084,1203,1204,1205,1206,1203,1223,1224,1226,1227,1228,1229,1226,1227,1227,1228,1231,1262,1267,1289,1355,1356,1357,1358,1357,1357,1358,1362,1481,1557,1560,1562,1563,1564,1557,1558,1559,1751,1752,1754,1765,1927,1962,1964,2247,2458,2652,2653,2658,2658,2660,2665,2665,2704,2958,2959,2960,2958,2959,2960,2963,2964,2965,3349,3351
h1,h18,345,345,61,62,212,213,214,215,216,217,218,219,374,455,449,450,451,452,453,454,456,449,450,451,452,449,450,452,797,799,800,802,803,891,990,993,991,993,992,1024,1027,1028,1030,1110,1111,1268,1271,1272,1273,1274,1272,1311,1311,1312,1313,1313,1314,1315,1586,1680,1757,1988,1990,2093,2093,2094,2098
h15,h26,335,335,21,44,1,2,3,4,5,6,7,8,9,10,15,18,24,25,26,27,28,29,30,31,32,33,34,35,36,37,38,39,40,41,43,49,51,52,53,55,56,85,86,88,138,139,173,174,175,176,177,176,230,231,232,233,234,235,236,237,238,243,243,244,244,245,255,254,256,257,260,278,280,353,348,352,352,353,357,394,397,421,423,427,439,441,443,710,711,984,1010,1011,1012,1094,1287,1288,1291,1292,1290,1291,1710,1738,1742,1743,1776,1777,2010,2029,2030,2031,2036,2039,2043,2044,2053,2054,2104,2320,2319,2321,2327,2828,2832,3251
h141,h26,342,342,19,20,21,22,23,24,25,26,27,28,29,30,31,32,33,34,35,36,37,38,39,40,41,42,43,44,45,46,47,48,49,101,357,359,360,390,391,392,419,420,421,418,419,422,423,424,426,427,428,449,450,451,521,522,523,523,524,521,522,580,581,583,585,586,668,671,707,708,712,735,736,737,742,737,738,780,813,899,901,903,900,902
h30,h14,360,360,31,36,38,41,42,30,32,33,34,35,37,39,40,43,44,45,47,53,30,31,32,33,34,35,36,37,38,39,40,41,42,65,66,67,69,238,284,285,286,287,288,289,288,284,285,286,287,325,326,327,328,329,330,355,355,356,390,528,529,533,550,552,555,616,617,619,866,1069,1179,1249,1250,1346,1428,1429,1434,1598,1600,1601,1602,1747,1748,1749,1775,1926,1927,1945,1951,1951,1952,2158,2159,2160,2160,2161,2376,2377,2613,2614,2951,3083,3084,3083,3084,3277,3399,3400,3401,3830,3832,3833,3834,3835,4074,4081
h18,h29,30,30,1667,1668,1669,1670,1671,1672,1673,1674,1675,1676,1677,1678,1679,1680,1681,1682,1865,1937,1938,1939,1940,1942,1937,1938,1939,1953,1954,1955,1956,1966,1967,1968,1966,1967,1966,2166,2558,2559,2560,2563,2564,2564,2565,2564,2565,2592,2594,2595,2596,2597,2598,2598,2600,2598,2599,2600,2603,2610,2611,2614,3411,3412,3413,3413,3414,3415,3416,3417,3431,3432,3433,3435,3890,3893,3894,3895,3896,3897,3902,3905,3907,3908,4564,4638,4641,4643,4696,5019,5020,5021,5022,5024,5024,5027,5028,5031,5325,5328,5331,5337,5338,5338,6146,6268,6270,6271,6273,6275,6276,6276,6278,6279
h1,h25,366,366,27,28,29,30,61,62,64,65,64,68,69,70,71,72,70,71,71,98,122,123,124,125,126,127,128,163,164,165,167,168,169,170,176,183,184,188,188,193,193,194,196,197,198,198,200,227,228,377,552,588,731,736,960,1056,1059,1061,1062,1095,1099,1100,1099,1100,1301,1302,1303,1304,1303,1304,1305,1306,1343,1344,1472,1474,1590,1593,1598,1749,1753,1886,1888,1889,1999,2000,2206,2209,2209,2210,2210,2211,2636,2637,2636,2637,2641,2642,2641,2686,2776,2778,2848,3028,3029,3033,3038,3356,3358,3360,3359,3653,3652,3659,3870
h58,h20,331,331,152,311,312,457,458,459,460,478,890,891,923,924,925,926,927,928,929,930,931,963,964,965,966,1051,1052,1062,1063,1064,1065,1066,1069,1070,1071,1072,1073,1075,1085,1088,1089,1143,1191,1192
h117,h29,378,378,38,39,40,41,42,43,44,45,46,47,48,49,46,47,48,49,50,119,123,121,122,123,123,124,125,123,124,136,133,134,135,137,137,138,137,138,310,312,310,311,312,376,377,374,375,374,375,382,383,391,392,393,394,392,393,701,703,707,733,852,853,855,1239,1242,1245,1246,1284,1285,1286,1287,1288,1512,1514,1830,1837,1873,1874,2129,2349,2353,2351,2352,2353,2354,2353,2493,2494,2881,2882,2884,3174,3175,3176,3178,3742,4099,4100,4104,4105,4407,4409,4410,4411,4488,5356
h25,h9,390,390,36,37,38,40,31,32,33,34,35,39,41,42,43,32,33,34,31,35,42,398,400,413,412,415,424,481,482,483,484,485,486,487,488,483,484,483,483,483,497,498,566,567,599,600,599,601,602,768,770,773,774,775,774,775,780,784,831,847,880,881,882,896,897,903,901,902,1025,1027,1028,1030,1025,1026,1027,1029,1027,1027,1029,1030,1057,1075,1079,1078,1081,1081,1105,1109,1245,1246,1333,1336,1337,1426,1429,1428,1429,1430,1429,1430,1431,1681,1819,1823,2068,2069,2070,2071,2069,2068,2073,2074,2075,2079,2078,2080,2081,2081,2082,2414,2419,2420,2421,2419,2420,2422,2423,2421,2610,2617
h63,h9,394,394,32,33,34,35,36,37,38,39,40,41,42,43,44,45,46,47,48,49,19,20,21,22,23,24,25,26,27,28,29,30,31,31,19,20,21,22,23,24,25,26,27,28,29,30,65,66,67,68,69,70,71,72,68,170,166,167,168,169,181,183,256,258,259,260,275,279,279,300,301,302,303,304,302,303,324,325,339,425,426,429,510,624,741,770,771,875,879,928,934,932,933,934,933,932,934,1128,1195,1241,1241,1242,1243,1266,1267,1269,1360,1362,1403,1404,1404,1437,1596,1597,1603,1678,1679,1681,1685,1686,1683,1743,1750,1751,1857,1861,1925,1992,1999,2000,2030,2059,2091,2119,2120,2119,2120,2137,2140,2142,2143,2430,2431,2433,2434
h138,h23,395,395,37,40,41,42,43,44,45,46,48,34,35,36,38,39,47,49,34,35,36,37,88,87,89,374,375,376,377,428,429,430,431,432,449,451,452,610,611,608,609,612,613,619,620,622,624,625,677,678,802,860,862,862,863,867,866,867,925,956,974,980,978,979,981,1011,1014
h64,h7,300,300,185,553,594,597,596,597,657,729,726,727,728,734,735,832,834,835,836,837,838,839,840,841,842,843,844,845,846,832,833,838,839,885,952,952,953,1003,1148,1147,1216,1243,1384,1385,1384,1388,1387,1395,1410,1411,1414,1417,1643,1644,1645,1693,1694,1695,1696,1701,1703,1701,1702,1703,1704,1704,1704,1705,1891,1893,1893,1895,2150,2152,2207,2210,2208,2311,2313,2314,2314,2313,2657,2658,2669,2668,2905
h131,h9,299,299,189,190,191,192,189,190,191,197,381,382,383,384,385,386,387,388,389,390,394,397,479,480,496,513,514,628,625,626,627,629,628,629,630,631,648,649,650,651,652,684,685,696,697,698,699,730,736,733,737,880,1224,1225,1226,1227,1228,1230,1231,1232,1233,1231,1234,1235,1426,1429,1429,1430,1435,1437,1566,1572,1588,1590,1591,1592,1594,1767,1768,1771,1768,1771,1771,1772,1772,1773,1852
h56,h22,410,410,7,15,24,33,42,6,8,9,10,11,12,13,14,16,17,18,19,20,21,22,23,25,26,27,28,29,30,31,32,34,35,36,37,38,39,40,41,43,44,45,46,47,48,49,501,502
h100,h24,407,407,23,24,25,26,27,28,29,30,31,32,33,34,35,36,37,38,39,40,41,42,43,44,45,46,47,48,49,21,22,21,22,23,24,25,26,27,28,29,30,31,32,33,150,149,196,195,195,196,251,248,249,250,252,264,261,263,307,308,309,310,311,358,358,359,361,362,363,417,418,472,473,473,474,474,475,476,475,708,707,789,792,793,795,794,794,795,798,797,798,820,989,987,991,993,994,1060,1082,1082,1085,1086,1432,1433,1436,1453,1769,1777,1775,1776,1775,1776,1787,1788,1821,1819,1820,1826,2196,2195,2202,2450,2524,2928,2929,2933,2934,2935,2931,2930,2932,3497,3498,3501,3502,3503,3781,3779,3780,3786,3787,3789,3788,3816,3821,3820,3842,3838,3843,4772,4778
h38,h10,292,292,140,141,216,217,218,219,329,330,331,332,334,335,338,339,340,353,354,355,356,357,481,482,484,578,580,602,669,673,674,675,676,677,678,679,703,728,729,730,731,731,732,733,731,732,732,859,864,863,863,865,874,901,902
h130,h10,302,302,284,285,284,285,286,287,401,402,565,566,567,568,569,574,575,691,714,1062,1064,1065,1066,1067,1068,1063,1077,1162,1164,1339,1404,1405,1448,1444,1457,1477,1478,1479,2103,2106,2105,2357,2357,2358,2360,2368,2472,2504,3871,3897,4812,4813,4817,5502,7006,8228
h107,h11,409,409,40,41,46,47,48,49,174,175,176,177,373,375,376,377,378,379,380,381,382,383,384,385,386,387,395,396,399,417,415,416,453,453,454,455,456,475,476,477,482,483,485,486,487,509,510,511,622,625,644,772,772,776,776,781,839,840,843,991,992,997,995,1009,1148,1150,1174
h55,h29,414,414,34,37,39,42,43,29,30,31,32,33,35,36,38,40,41,44,41,43,171,172,173,175,176,272,273,274,275,276,277,278,279,280,326,327,373,374,375,399,400,401,514,515,516,591,593,594,595,642,643,646,647,648,649,684,685,686,688,968,969,970,972,973
h90,h18,232,232,372,373,374,375,376,377,372,373,374,375,373,387,410,410,470,472,473,493,494,495,493,494,497,498,515,516,517,518,519,520,604,602,603,606,668,670,716,844,845,846,848,849,847,848,913,950,951,952,1029,1134,1136,1138,1202,1203
h68,h18,375,375,280,282,280,281,282,283,284,280,281,282,293,294,295,293,294,306,307,306,307,320,321,322,323,345,344,344,534,535,536,537,536,536,541,638,676,679,681,851,852,853,854,851,853,854,855,1087,1089,1090
h23,h24,325,325,400,401,400,401,756,820,821,837,838,1036,1036,1037,1038,1039,1040,1041,1125,1126,1128,1125,1126,1127,1128,1129,1157,1179,1180,1181,1182,1182,1203,1204,1205,1206,1227,1232,1241,1242,1243,1246,1246,1247,1262,1265,1271,1278,1280,1281,1282,1302,1303,1328,1334,1359,1416,1417,1420,1421,1425,1426,1431,1941,1942,1946,1947,1948,1949,1942,1947,2602,2603,2677
h28,h24,110,110,1842,1844,1848,1845,1846,2204,2205,2208,2240,2242,2319,2320,2321,2324,2326
h98,h24,411,411,30,31,33,37,38,39,40,41,42,43,44,33,141,275,285,284,287,284,288,286,287,286,287,306,307,308,309,306,307,308,306,307,325,370,371,372,370,372,373,381,380,387,482,523,542,543,705,706,710,711,705,706,707,709,712,907,908,909,909,910,911,912,911,912
h87,h24,340,340,109,110,111,112,109,110,111,181,202,203,210,211,326,327,328,329,330,331,332,346,347,348,349,350,351,346,347,348,361,362,363,364,365,361,362,364,365,366,407,408,409,410,411,547,673,676,682,754,841,842,843,843,845,853,855,856,857,860,861,863,864,869,870,876,884,885,1005,1050,1061,1061,1062,1061
h108,h17,424,424,10,15,16,20,22,25,29,34,35,36,37,38,39,225,226,227,228,229,230,231,232,305,306,355,356
h89,h17,384,384,162,165,167,168,170,172,279,280,281,282,521,522,564,565
h10,h19,86,86,685,686,763
h131,h31,236,236,789
h32,h17,404,404,1,2,3,4,5,6,7,8,9,10,11,12,13,14,15,16,17,18,19,20,21,22,23,24,25,26,27,28,29,30,31,32,33,34,35,36,37,38,39,40,41,42,43,44,45,46,47,48,49,45,46,47,48,49,50,52,53,54,55,56,57,357,358,359,360,361,362,536,537,538,883,885,888,889,890,900,1088,1089,1090,1091,1112,1295,1295,1296,1297,1298,1299,1300,1301,1295,1296,1297,1298,1317,1320,1321,1322,1323,1381,1385,1662,1669,1670,1673,1675,1681,1666,1667,1669,1671,1674,1677,2145,2148,2149,2160,2163,2168,2169,2267,2268,2269,2271,2276,2277,2278,2280,2281,2735,2737,2738,2739,2833,2840,2841,2843,2850,3138,3143,3144,3145,3148,3140,3148,3150,3168,3169,3221,3222,3227,3229,3222,3227,3264,3389,3396,3397,3398,3512,3519,3612,3695,3696,3705,3865,3979,3982,3985,3986,3988,4002,4005,4039,4045,4049,4050,4051,4050,4051,4055,4728,4729,5347,5448,5448,5449,5465,5466,5467,5468,5486
h112,h3,356,356,43,44,241,250,251,252,253,254,255,319,320,321,322,323,324,325,326,327,329,330,370,371,372,373,374,375,376,462,463,466,468,462,463,464,464,465,466,480,481,483,675,676,683,684,685,686,693,696,697,698,699,700,754,755,756,934,938,1141,1174
h33,h3,385,385,1,2,3,4,5,6,7,8,9,10,11,12,13,14,15,16,17,18,19,20,21,22,23,24,25,26,27,28,29,30,31,32,33,34,35,36,37,38,39,40,41,42,43,44,45,46,47,48,49,211,199,200,205,230,230,231,232,233,234,235,236,230,231,232,233,237,238,239,240,276,277,276,277,278,279,366,367,368,369,370,504,506,553,554,587,588,589,590,591,592,593,592,593,594,595,592,593,885,893,894,896,896,922,924,1131,1134,1137,1139,1131,1132,1135,1146,1148,1291,1294,1638,1695,1696,1699,1737,1810,1811,2155,2158,2159,2189,2528,2529,2536,2534,2536,2737,2848,3045,3625,6323,6324,9512,9513,9517
h65,h19,431,431,19,23,33,13,14,15,16,17,18,20,21,22,24,25,26,28,29,30,31,32,39,40,15,16,17,18,19,20,21,22,23,24,25,26,27,131,133,132,272,270,271,273,274,321,322,341,337,338,339,340,362,362,364,367,368,369,370,379,449,452,453,453,458,459,707,712,739,744,996,1030,1031,1035,1292,1297,1506,1883,1985,1988,2122,2224,2225,2224,2227,2674,2682,2685,2691,2916,3267,3269,3274,3270,3275,3275,3277
h63,h21,432,432,32,20,23,25,26,29,31,35,36,37,38,114,115,116,117
h133,h21,430,430,55,59,43,45,46,48,49,52,53,54,57,58,64
h58,h30,429,429,27,33,35,36,37
h46,h30,322,322,327,328,330,333
h103,h30,179,179,211,212,213,214,215,210,211,261,262,263,264,265,293,294,295,297,298,299,518,519,520,521,522,523,524,525,526,527,528,526,527,528,529,530,531,652,653,654,655,656,657,658,659,805,817,818,810,811,812,813,814,815,816,819,805,806,808,809,810,811,849,850,849,851,849,850,849,958,959,970,971,1011,1012,1014,1012,1012,1187,1188,1195,1311,1312,1313,1314,1338,1370,1371,1374,1375,1376,1371,1374,1371,1548,1551,1553,1548,1549,1550,1774,1775,1776,1778,1798,1800,1801,1933,1965,1966,2090,2099,2100,2101,2102,2135,2269,2272,2274,2522,2523,2524,2522,2523,2528,2887,2886,3108,3109,3112,3113,3115,3366,3367,3798,3799,3800,4032
h142,h1,442,442,14,15,16,17,18,19,20,21,22,23,24,25,26,27,28,29,31,32,33,34,37,39,0,1,2,3,4,5,6,7,8,9,10,11,12,13,30,41,42,43,44,45,46,49,69,171,173,174,172,283,284,285,286,287,288,289,320,365,479,480,482,588,586,587,611,612,613,614,615,616,617,625,633,647,648,649,650,651,652,647,648,649,651,654,655,656,956,1056,1064,1315,1344,1567,1570,2137,2138,2143,2144,2164,2165,2166,2167,2165,2174,2175,2453,2454,2455,2456,2457,2671,2717,2741
h103,h19,268,268,297,298,299,300,301,360,362,363,365,366,357,358,359,361,364,462,462,463,528,528,529,879,881,882,883,868,869,871,872,873,874,875,876,877,878,880,868,869,870,871,868,869,870,871,872,873,874,875,896,894,895,920,919,919,924,923,1035,1036,1034,1042,1036,1037,1039,1042,1046,1047,1049,1084,1085,1089,1090,1088,1088,1089,1091,1092,1090,1586,1587,1588,1589,1586,1855,1856,1857,2136,2137,2508,2507,2888,2942,2943,2945,2944
h60,h1,361,361,149,162,163,160,161,257,258,259,260,371,372,373,430,431,480,554,564,565,566,564,565,573,592,593,604,614,615,616,617,616,617,618,618,619,620,631,815,816,818,871,1288,1289,1294,1305,1307,1485,1490,1550,1628,1629,1634,2068,2091,2092,2093,2334,2337,2848,2849,2893,2899,3442,3444,3445,3446,3447,3799
h89,h5,459,459,20,24,25,27,30,31,33,34,19,44,26,29,32,38,39,43,48,77,76,156,157,158,151,152,153,154,155,261,262,263,441,438,439,440,465,466,476,475,565,563,564,566,743,744,751,752,887,890,889,891,892,900,901,902,1142,1146,1276,1277,1294,1295,1292,1293,1302,1606,1610,1612,1605,1608,1614,1615,1614,1616,1622,1624,1625,1625,1628,1630,1634,1637,2009,2007,2008,2033,2032,2308,2305,2306,2307,2312,2305,2307,2315,2316,2314,2451,2454,2451,2452,2453,2458,2584,2590,2589,2646,2650,2651,2650,2689,2692,2740,3358,3359
h43,h5,444,444,85,87,90,82,118,119,120,118,119,140,299,309,312,308,310,311,331,330,332,333,334,333,403,404,405,403,430,431,433,434,441,440,586,636,638,639,640,645,646,647,810,811,827,830,827,828,829,834,835,1050,1051,1055,1054,1171,1172,1175,1351,1352,1353,1354,1354,1355,1360,1390,1389,1392,1393,1392,1633,1634,1637,1638,1804,1807,1809,1810,1808,1809,1811,1812,1985,2236,2239,2341,2342,2341,2342,2346,2348,2399,2404,2497,2498,2499,2502,2691,2689
h91,h4,449,449,67,68,69
h36,h1,316,316,364,366,367,368,364,365,364,389,456,457,481,555,556,557,555,610,611,612,613,624,625,626,630,631,630,631,693,694,694,695,694,717,720,745,848,850,972,974,976,1059,1112
h28,h11,462,462,6,15,5,25,26,27,10,30,32,34,35,37,38,39,28,29,36,599,600,601,602,603,604,605,606,607,608,609,610,627,625,626,631,665,666,669,689,690,691,692,693,691,692,694,692,693,692,693,692,692,745,746,747,772,775,944,1038,1040,1039,1041,1040,1206
h118,h5,213,213,831,832,835,854,968,969,970,971,973,974,975,976,995,1126,1127,1128,1129,1130,1131,1128,1138,1141,1139,1246,1249,1253,1246,1247,1248,1249,1250,1258,1268,1269,1470,1471,1486,1487,1488,1489,1564,1568,1569,1587,1667,1673,1674,1678,1691,1693,1695,1696,1697,1702,1703,1733,1733,1734,1735,1736,1772,1776,1778,1779,1777,1778,1777,1779,1781,1787,1787,1788,1789,1806,1906,1907,1908,1912,1909,1942,2053,2054,2055,2057,2085,2342,2343,2343,2399,2842,2841,2842,2843,2920,3054,3058,3066,3160,3159
h90,h10,426,426,297,298,299,300,301,302,303,304,305,306,307,308,309,310,311,312,313
h95,h11,269,269,274,281,282,344,729,729,730,731,732,757,758,781,775,776,777,778,779,780,878,879,880,903,904,905,906,907,905,906,905,906,907,909,910,911,941,942,943,944,993,1061,1398,1421,1422,1494,1619,1620,1621,1621,1898,1900,1901,1929,2040,2078,2079,2079,2082,2388,2389,2389,2391,2392,2546,2584,2588,2589
h76,h5,412,412,152,175,177,178,286,287,383,382,384,387,386,386,387,459,462,463,464,619,617,618,635,652,663,667,681,683,827,828,830,841,865,923,949,1062,1334,1358,1465,1466,1469,1470,1917,1931,1948,1949,1950,1951,2103,2104,2105,2106,2107,2108,2110,2111,2112,2388,2542,2689,2693,2693,2695,2696,2923,2926
h141,h4,463,463,35,36,33,34,33,34,35,33,34,33,207,208,209,210,515,516,517,519,615,618,619,620,621,799,800,850,865,866,862,863,864,867,894,1005,1274,1289,1287,1351,1355,1357,1360,1645,1650,1979,1980,2172,2469,2471,2473,2790,3563,4020
h20,h11,461,461,17,32,23,42,27,33,34,35,36,37,38,39,40,41,207,208,203,204,205,206,209,210,211,212,301,301,302,303,304,305,306,307,334,335,336,334,335,353,357,358,359,356,357,358,356,357,362,450,451,452,453,454,460,474,468,470,471,472,473,547,596,597,599,677,678,679,677,894,894,930,976,1314,1315,1324,1334,1338,1559,1577,1580,1749,1751,1851,1951,1989,1991,2200,2301,2303,2304
h95,h2,467,467,51,50,52,53,106,107,108,109,110,111,112,169,170,171,177,181,183,181,229,230,231,232,233,234,235,236,280,281,274,275,276,277,278,279,275,276,277,278,277,278,277,278,371,389,390,386,387,388,397,557,563,566,567,869,870,871,872,875,875,876,877,889,890,991,993,992,995,996,997,1104,1374,1375,1376,1397,1398,1457,1461,1462,1463,1649,1650,1653,1960,1963,1964,1963,1965,1960,1964,1968,1970,1972,2133,2286,2287,2288,2291
h107,h14,472,472,21,32,14,15,16,17,18,19,20,22,23,24,25,26,27,28,29,30,31,33,34,35,36,37,38,39,40,41,42,43,44,45,46,47,48,49,313,314,305,306,307,308,309,310,311,312,415,475,476,477,479,474,478,478,477,564,678,678,679,680,681,719,720,720,721,719,719,719,723,724,726,891,892,894,891,892,957,1026,1026,1028,1029,1253,1256,1344,1673,1749,1751,1752,1755,1756,1918,1919,1986,1989,1989,2141,2377,2378,2379,2384,2385,2460,2463,2492,2493,2497,2498,2705,2926,3036,3246,3261,3265,3335,3336,3549,3550,3553,3617,3620,3774
h130,h2,435,435,203,204,205,249,250,251,252,258,256,257,263,365,367,506,507,508,509,510,511,512,513,514,515,516,517,518,519,673,675,756,757,758,795,796,797,797,798,799,800,801,820,821,822,823,825,835,834,1005,1006,1224,1225,1227,1228,1229,1242,1483,1570,1634,1653,1732,1737,2119
h40,h12,470,470,70,144,145,146,147,148,149,150,151,152,153,154,155,144,145,146,147,148,149,144,145,146,146,147,148,161,162,163,171,172,173,174,174,194,199,200,201,202,201,202,203,202,212,213,210,211,236,235,237,242,248,267,268,270,271,457,461,558,559,561,828,829,961,963,964
h105,h21,475,475,35,36,37,38,39,47,48,203,204,205,206,210,285,286,287,288,289,384,383,385,422,423,427,428,429,430,429,443,465,466,465,467,470,470,574,661,662,768,789,789,791,809,811,812,812,813,913,914,914,915,988,991,1001,1000,1002,1024,1026,1025,1104,1110,1112,1311,1312,1314,1491,1500,1501,1514,1587,1649,1649
h117,h20,456,456,57,58,198,320,358,359,360,361,365,391,392,414,415,416,417,418,466,467,618,617,639,640,642,664,665,666,667,668,669,708,854,858,855,857,903,907,908,909,933,1001,1370,1663,2230,2230,2231,2564,2670,2669,2755,3162,3177,3369,3657,3658,3882,3884,3885,3886,3881,3883,3888,3885,3997,4028,4026,4048,4046,4087,4088,4091,4092,5127,5437,5435,6512
h15,h7,457,457,254,255,256,257,258,260,261,301,302,419,420,422,423,426,427,420,422,655,656,657,658,779,813,815,813,814,880,881,882,883,884,885,886,880,881,882,883,896,1435,1436,1437,1438,1535,1536,1541,1608,1609,1610,1644,1654,1829,1830,1841,1841,1842,2231,2232,2238,2248,2249,2295,2304,2333,2334,2336,2400,2403,2404,2408,2409,2410,2411,2419,2420,2421,2900,2910,2910,2915,2916,2917,2918,2933,2935,3044,3058,3065,3066,3069,3412,3417,3418,3420,3422,3422,3425,3430,3431,3432,3433,3437,3446,3447,3449,3450,3451,3453,3459,3460,3836,3845,3846,3849,3848,3849,3850,3851,3852,3854,3857,3865,3871,3873,3874,3875,3876,3877,3881,3882,3890,3891,3906,3963,4120,4121,4575
h111,h9,481,481,34,35,36,37,33,38,12,13,14,15,16,17,18,19,20,21,22,23,24,25,26,27,28,29,30,31,32,66,67,73,74,75,73,74,83,105,113,112,144,145,150,151,152,153,150,151,150,150,155,155,156,156,157,232,234,321,323,360,363,363,364,363,921,924,927,924,926,1113
h72,h15,454,454,306,307,308,309,310,311,312,313,314,315,316,317,318,319,320,321,322,323,324,325,326,327,328,332,333,334,335,336,542,546
h35,h24,486,486,39,44,45,47,49,43,46,48,135,136,166,165,167,165,166,194,193,206,207,208,242,243,242,243,245,246,247,245,246,285,286,281,282,283,284,285,288,289,334,333,620,657,658,659,948,952,954,957,958
h110,h12,500,500,25,26,27,28,29,30,31,32,33,34,35,36,37,38,39,40,41,42,43,44,45,46,47,48,49,0,1,2,3,4,5,6,7,8,9,10,11,12,13,14,15,16,17,18,19,20,21,22,23,24,15,16,17,18,19,20,21,22,23,24,0,1,2,3,4,5,6,7,8,9,10,11,12,13,14,6,7,8,9,10,11,12,13,14,15,16,143,144,147,226,227,227,227,267,268,270,271,272,328,324,325,326,327,337,566,568,575,703,705,704,704,705,707,725,856,861,894,895,909,911,1044,1049,1050,1052,1051,1052,1051,1249,1250,1248,1253,1254,1263,1264,1320,1321,1322,1320,1370,1374,1373,1373,1374,1379,1378,1381,1409,1407,1448,1946
h124,h8,451,451,36,37,38,24,25,26,27,28,29,30,31,32,45,46,47,423,424,425,426,427,428,442,440,441,440,441,442,443,461,462,499,535,536,537,538,539,612,613,614,615,616,617,617,612,613,614,615,616,613,614,659,697,699,697,698,699,740,747,748,811,815,816,1054,1055,1057,1058,1059,1060,1059,1060,1061,1103,1104,1195,1274,1275,1282,1297,1299,1300,1301,1298,1449,1549,1552,1635,1636,1639,1834,1835,1840,1993,1996,1996,1998,1996,1997,2196,2203,2208,2230,2231,2608,2609,2610,2874,2876,2884,3306,3417,3424,3872,3875,3876,3883,3883,3885,3886,3886,4183,4291,4762,4769,4776,4777,4778,4793
h91,h21,496,496,59,57,58,61,62,63,64,65,66,67,61,62,63,62,178,179,180,181,182,183,184,185,186,206,227,226,239,238,240,241,242,261,263,264,265,266,274,279,277,278,307,308,309,307,308,321,330,397,400,578,579,752,754,782,1109,1113,1158,1160,1161,1162,1162,1163,1164,1165,1201,1202,1203,1203,1206,1205,1208,1477,1490,1555,1556,1558,1555,1571,1576,1577,1593,1688,1692,1688,1696,2010,2011,2016,2018,2017,2021,2055,2101,2133,2134,2771,3666,3667,3701,3702
h4,h29,415,415,249,250,292,294,297,298,485,486,565,566,567,568,569,570,571,571,572,571,572,573,573,574,619,620,621,622,866,868,870,874,866,867,868,869,870,871,887,888,889,890,1529,1533,1535,1536,1538,1539,1549,1579,1783,1783,1784,1785,1792,1793,1795,1818,1819,1820,1872,1873,1874,2076,2249,2251,2250,2251,2291,2295,2296,2297,2299,2301,2306,2306,2308,2308,2309,2310,2312,2314
h57,h6,507,507,22,23,27,29,30,26,27,28,31,26,27,28,29,30,32,33,32,64,65,66,67,68,69,70,71,64,65,66,67,74,75,86,88,89,90,87,88,153,154,145,147,148,149,150,151,155,150,149,146,147,148,180,181,182,183,184,185,181,182,324,323,378,377,381,377,380,381,386,387,388,561,563,562,563,563,565,578,580,581,784,785,786,785,786,790,984,985,1275,1289,1285,1522,1523
h82,h3,510,510,43,44,45,46,49,50,54,55,56,60,61,214,215,241,242,263,264,265,357,358,359,357,358,360,361,362,371,518,519,520,635,638,639,638,723,725,726,972,973,977,979,980,1150,1152,1155,1160,1389,1412,1409,1415,1417,1676,1683,2052,2276,2425,2426,2429,2797,2798
h112,h16,505,505,12,13,14
h69,h16,508,508,6,7,8,10
h13,h16,440,440,293,294,296,297,298,299,300,301,302,905,906,907,908,909,910,911
h6,h16,261,261,1019,1020,1021,1023,1024,1025,1026,1027,1449,1450,1451,1452,1453,1454,1563,1564,1712,1713,2130,2131,2132,2133,2134,2135,2136,2137,2138
h63,h16,396,396,107,108,109,110,107,108,137,138,199,200,201,202,203,204,205,206,226,227,228,229,230,231,232,235,236,237,238,239,240,235,236,237,235,236,368,369,370,371,372,373,374,375,376,376,377,378,379,457,458,459,461,462,463,462,470,471,472,511,511,512,513,514,600,620,743,744,759
h32,h6,434,434,198,203,204,205,206,207,203,204,205,289,290,295,296,362,363,357,358,359,360,361,372,479,480,479,479,500,501,502,503,512,513,514,515,516,512,513,514,559,557,598,600,598,599,600,600,601,620,1041,1050,1184,1223,1224,1240,1451,1452,1454,1455,1456,1451,1495,1585,1586,1742,1853,1855,1856,1873,1874,1976,2175,2198,2200,2530,2532,2737,2743,3146,3711,3712,3897
h4,h26,511,511,40,17,20,36,22,32,33,34,35,17,87,121,122,130,131,132,137,138,139,147,147,148,149,155,156,157,155,156,158,159,160,159,188,189,190,189,307,312,310,309,310,311,315,327,328,353,354,356,357,361,369,371,580,601,624,871,876,877,1014,1282,1308,1309,1310,1311,1309,1323,1504,1505,1509
h31,h26,387,387,329,331,334,337,338,404,405,564,565,566,567,568,567,568,569,622,623,624,625,622,623,624,625,626,629,630,631,632,633,649,651,666,667,668,669,687,688,689,690,691,692,844,851,853,1052,1060,1065,1066,1120,1124,1125,1126,1126,1129,1136,1166,1167,1168,1176,1177,1203,1204,1205,1214,1215,1229,1272,1273,1275,1276,1278,1286,1288,1313,1319,1320,1321,1326,1336,1345,1383,1385,1395,1396,1397,2182,2184,2191,2192,2202,2205,2207,2215,2218,2317
h17,h26,518,518,39,43,44,718,725,726,727,728,729,728,729,730,959,960,961,981,983,987,988,1012,1013,1012,1013,1014,1015,1024,1025,1078,1162,1164,1165,1166
h49,h29,524,524,23,24,25,30,31,32,34,35,36,37,38,39,40,41,42,43,44,45,46,47,48,49,205,206,207,207,208,209,209,210,211,214,215,216,217,217,217,218,221,273,281,283,282,282,283,284,285,387,390,391,540,542,545,558,560,825,831,832,848,852,853,857,858,859,946,1129,1404,1405,1407,1404,1710,2019,2026,2027,2250,2251,2252,2254,2530,2530,2531,2721,2723,2724,2725,2728,2730,2731,2804,3207,3209,3210,4098,4099,4100,4622,4623,4624,5018
h51,h22,498,498,221,222,212,213,214,215,216,217,218,219,220,359,360,361,362,363,364,365,366,367,368,375,376,375,457,458,570,569,619,620,622,624,625,680,672,673,674,675,676,677,678,679,681,682,683,678,679,680,681,682,683,813,814,816,1496,1495,1546,1552,1551
h80,h9,532,532,18,21,22,23,24,25,26,17,28,29,31,32,33,34,35,0,1,2,3,4,5,6,7,8,9,10,11,12,13,14,15,16,19,20,27,30,36,37,38,39,40,0,1,2,3,4,5,6,7,8,9,10,11,12,13,17,18,19,20,21,22,23,24,14,15,16,55,56,54,65,175,222,219,220,221,223,224,225,246,247,246,249,272,273,274,275,272,273,274,275,485,489,491,488,487,489,490,491,489,494,496,515,516,517,518,519,517,516,518,517,516,521,522,523,523,526,528,530,529,529,532,533,531,535,550,551,549,563,562,566,568,669,665,673,672,675,674,672,673,676,677,678,679,740,749,778,784,778,780,954,950,951,953,955,959,962,961,960,1109,1110,1113,1126,1127,1194,1195,1198,1203,1202,1204,1381,1378,1379,1380,1382,1381,1383,1382,1383,1384,1385,1387,1385,1546,1547,1549,1550,1551,1553,1557,1557,1558,1562,1561,1895,1896,1901,1902,1903,1904,1900,1900,1902,1904,1905,1903,1906,2143,2151
h91,h25,529,529,34,35,36,37,38,39,40,41,42,44,45,47,48,50,51,18,19,21,22,23,24,25,26,27,28,29,30,31,32,33,43,46,49,52,176,177,176,177,246,248,249,250,251,443,444,445,446,447,523,524,526,527,532,534,542,543,619,620,621,622,623,624,631,632,633,806,807,813,810,811,812,815,810,830,938,931,936,939,937,938,938,939,940,943,942,947,948,949,949,951,952,953,1108,1109
h35,h13,531,531,29,30,31,32,33,34,35,36,37,38,39,40,41,42,43,44,45,46,47,48,49,16,17,18,19,20,21,22,23,24,25,26,27,28,0,1,2,3,4,5,6,7,8,9,10,11,12,13,14,15,81,82,83,84,85,86,233,234,235,236,237,230,231,232,233,234,235,236,242,243,242,252,253,254,255,252,253,259,258,260,261,260,261,260,403,461,462,463,465,466,465,467,468,468,470,471,530,531,638,640,783,784,784,812,940,941,942,941,942,942,943,1114,1115,1116,1117,1117,1228,1342,1397,1399,1404,1404,1405,1406,1408,1412,1442,1443,1444,1445,1445,1445,1449,1450,1450,1451,1452,1825,1826,2141,2143
h78,h12,494,494,375,376,369,370,371,372,373,374,407,408,409,410,411,412,449,450,452,507,508,505,610,605,606,607,608,609,644,645,646,640,641,642,643,647,640,641,642,643,641,650,651,781,906,1030,1029,1181,1183,1184,1187,1182,1195,1197,1255,1287,1291,1288,1289,1378,1380,1446,1529,1530,1697,1752,1912,1913,1933,2560,2566,2565,2568,2568,2569,2806,2903,2941,2945
h62,h12,527,527,99,100,293
h35,h30,536,536,46,0,1,2,3,4,5,6,7,8,9,10,11,12,13,14,15,16,17,18,19,20,21,22,23,24,25,26,27,28,29,30,31,32,33,34,35,36,37,38,39,40,41,42,43,44,45,47,48,49,56,57,58,59,60,56,57,58,193,194,195,198,199,200,423,424,425,503,504,505,506,504,505,503,513,514,515,516,578,579,594,645,643,644,648,655,653,654,777,778,779,778,779,916,988,989,996,992,991,992,994,996,997,996,999,1178,1179,1178,1179,1180,1178,1192,1194,1206,1313,1382,1383,1701,1704,1703,1705,1732,1794,2065,2067,2250,2252,2446,2447,2661,2669,2673,2701,2701,2706
h109,h9,538,538,36
h89,h9,488,488,514,515,516,521
h108,h24,551,551,23,26,28,29,32,38,39,40,41,42,43,44,45,46,47,48,49,27,35,36,37,13,14,15,16,17,18,19,20,21,22,24,25,30,31,33,34,208,209,293,299,300,417,417,418,426,426,426,517,518,519,576,571,572,575,572,573,631,633,634,639,640,640,911,909,919,967,1216,1243,1244,1247,1389,1390,1391,1389,1418,1511,1552,1553,1555,1556,1553,1554,1570,1571,1576,1600,1609,1610,1697,1702,1703
h142,h9,402,402,242,243,244,245,246,247,248,249,250,251,252,253,297,298,297,298,322,545,618,619,620,621,622,790,791,804,807,808,809,842,843,844,845,846,847,863,871,873,896,897,1323,1382,1383,1386,1387,1388,1383,1384,1383,1384,1388,1593,1595,1599,1597,1598,1742,1745,1747,1760,1860,1863,1862,1864,1864,1866,1867,1868,1886,1972,1973,2236,2237,2239,2242,2289,2321,2322,2323,2324,2321,2322,2324,2479,2477,2482,2478,2479,2481,2481,2482,2482,2482,2487,2704,2707,2709,2707,2704,2706,3039,3043,3044,3045,3048,3049,3040,3043,3044,3043,3045,3046,3047,3048,3049,3048,3049,3049,3050,3054,3058,3058,3167,3169,3170,3170,3173,3174,3174,3332
h121,h18,521,521,176,177,178,179,180,181,182,183,184,185,186,187,188,189,190,191,192,193,194,195,196,197,198,199,200,201
h22,h23,485,485,20,21,22,23,25,26,27,28,29,30,31,32,33,34,35,36,37,38,39,40,398,915,916,917,1016,1017,1018,1019,1221,1221,1222,1223,1224,1255,1275,1284,1286,1312,1480,1496,1500,1501,1502,1510,1516,1554,1565,1567,1603,1604,1611,2026,2027,2034,2048,2093,2094,2115
h30,h23,540,540,0,1,2,3,4,5,6,7,8,9,10,11,12,13,14,15,16,17,18,19,20,21,22,23,24,25,26,27,28,29,30,31,32,33,34,35,36,37,38,39,40,41,42,43,44,45,46,47,48,49,1368,1369,1371,1376,1622,1623,1624,1625,1626,1711,1712,1717,1717,1718,1828,1829,2088,2089,2090,2091,2092,2093,2094,2095,2096,2097,2098,2099,2100,2101,2102,2103,2104,2189,2190,2191,2279,2280,2281,2287,2291,2290,2291,2295,2302,2303,2397,2607,2608,2613,2657,2700,2701,2707,2708,2971,2972,2981,2982,2991,2992
h49,h10,569,569,40,42,43,44,45,47,49,37,38,39,41,46,48,194,193,196,255,256,250,251,252,253,254,409,411,412,413,414,409,410,411,749,750,751,752,753,758,759,758,759,760,759,758,765,766,767,768,787,785,786,788,789,799,795,796,797,798,800,822,823,822,823,831,916,926,1117,1128,1130,1133,1167,1279,1442,1445,1446,1447
h41,h13,568,568,24,25,34,35
h95,h13,516,516,388
h131,h12,559,559,79,80,81,82,83,84,85,86,87,97,98,99,97,98,232,233,236,238,239,238,248,273,274,275,274,276,276,277,279,280,281,297,299,300,403,424,425,448,517,552,554,557,557,593,631,654,655,658,659,693,694,695,696,698,707,785,976,1044,1045,1044,1046,1051,1052,1053,1054,1055,1054,1055,1056,1060,1061,1061,1064,1082,1114,1116,1121,1117
h40,h13,547,547,109
h68,h8,571,571,37,39,41,42,38,95,96,97,99,100,101,102,103,104,105,182,187,188,189,187,188,230,231,232,233,230,231,253,254,255,256,257,258,256,257,289,290,291,292,297,296,296,297,298,299,300,298,299,328,357,395,502,503,504,505,502,506,524,611,621,667,670,671,672,753,752,754,754,786,796,981,1055,1054,1176,1372,1492,1684,1685,1689,1974,1977,1978,1979,2163,2166,2164,2165,2401,2402,2403,2404,2405,2410,2410,2411,2412,2425,2425,2426,2643,2644,2647,2644,2646,2648
h65,h30,577,577,30,31,32,33,34,35,36,37,38,39,40,41,42,43,20,21,22,23,24,25,26,27,28,29,17,19,44,45,0,1,2,3,4,5,6,7,8,9,10,11,12,13,14,15,16,18,46,47,48,49,4,5,6,7,9,10,11,12,13,14,15,19,22,23,1,2,3,8,18,20,21,2,3,4,6,1,5,92,117,118,119,120,121,122,123,124,171,170,172,187,188,189,190,191,192,192,193,191,194,195,196,197,198,219,222,218,221,219,218,219,239,270,267,269,309,307,308,311,312,311,316,315,317,646,643,644,645,647,646,647,648,646,647,648,856,855,858,977,980,981,976,979,984,981,982,985,987,1197,1199,1200,1232,1236,1492,1495,1494,1497,1520,1521,1523,1522,1524,1525,1526,1740,1742,1741,1742,1743,1801,1797,1798,1799,1800,1827,2162,2160,2161,2165,2233,2232,2239,2237,2238,2240,2240,2403,2405,2408,2409,2406,2407
h63,h19,545,545,144
h27,h27,460,460,910,911,913,1166,1167,1421,1424
h131,h8,588,588,40,42,43,44,46,48,49,51,53,229,230,232,502,506,533,575,576,593,725,726,727,729,749,783,826,827,829,907,913,915,936,1146,1149,1151,1389,1391,1447,1448,1497,1497,1570,1573,1574,1576,1845,1846,1847,1850,1848,2052,2054,2057,2059,2326,2331,2376,2377,2439,2445,2445,2446,2725,3000,3101,3155,3156,3157,3161,3349,4319,4324,4644,4648,4652,4654,5864,5865,5875,5876,6486,6499,6503
h38,h21,392,392,615
h73,h21,445,445,598,599,600,598,599,599,614,615,616,638,694,695,697,698,699,700,699,700,701,702,703,752,753,754,755,761,759,780,781,782,783,784,907,908,1025,1028,1042,1046,1047,1048,1061,1167,1541,1546,1544,1561,1571,1571,1572,1781,1782,1810,1891,1901,1902,1977,2128,2218,2723,3278,3329,3745,3746,3750,3751,3750,4738
h46,h6,598,598,26,28,29,30,31,32,33,35,36,37,38,39,40,57,58,210,208,209,211,292,293,294,295,288,289,290,291,288,289,290,291,288,289,298,299,300,301,305,306,307,308,309,331,352,353,358,359,361,359,410,430,847,915,1079,1211,1214,1407,1408,1408,1409,1515,1516,1517
h56,h5,589,589,24,25,26,27,28,29,31,36,37,38,39,40,41,42,43,44,45,46,48,174,175,176,177,178,179,180,187,184,185,186,193,194,195,307,309,310,741,742,740,742,740,741,772,773,774,775,776,777,778,774,867,864,865,866,868,869,870,871,904,905,906,908,928,931,1012,1017,1018,1030,1081,1083,1084,1081,1084,1089,1090,1114
h43,h30,603,603,17,20,25,29,30,35,40,41,44,46,48,0,1,2,3,4,5,6,7,8,9,10,11,12,13,14,15,16,18,19,21,22,23,24,26,27,28,31,32,33,34,36,37,38,39,42,43,45,47,49,20,22,23,24,18,19,21,11,14,15,17,25,47,55,56,89,90,91,100,101,100,101,112,116,115,185,186,184,188,190,184,186,187,199,200,201,230,229,231,233,302,303,306,303,304,303,304,421,558,559,560,561,563,564,565,565,565,566,776,778,912,1069,1085,1125,1303,1305,1308,1370,1377,1446,1489,1490,1656,1660,1674,1675,1675,1676,1677,1678,1679,1810,1814,1813,2123,2127,2130,2128,2129,2131,2228,2229,2230,2232,2233,2230,2231,2456,2459,2457,2458,2457
h77,h25,600,600,32,34,36,3,4,5,6,7,8,9,10,11,12,13,14,15,16,17,18,19,20,21,22,23,24,25,26,27,28,29,30,31,33,35,37,38,39,3,4,5,6,7,8,9,10,11,12,13,14,15,16,17,18,9,10,80,83,110,111,112,111,112,115,116,179,204,262,371,372,427,428,598,596,724,726,730,732,727,724,725,728,727,735,735,736,737,744,744,745,746,992,993,994,1034,1033,1035,1038,1035,1036,1038,1039,1038,1138,1171
h121,h11,602,602,20,21,33,20,21,22,23,24,25,26,27,34,35,233,238,263,260,261,262,359,360,361,362,363,364,365,394,396,394,395,394,394,407,412,446,453,529,530,531,538,567,568,692,693,694,695,735,840,842,836,837,838,839,841,843,844,838,885,887,888,890,889,890,984,985,987,994,1180,1182,1182,1180,1181,1412,1419,1422,1435,1630,1631,1668,1670,2094,2095,2096,2097,2098,2101,2103,2102,2103,2360,2361,2365,2367,2513,2517,2518,2987,2990,2989,2991,2997,2998,3217,3220,3221,3224,3586,3761,3760
h57,h18,615,615,19,20,21,22,23,24,25,27,29,31,33,35,37,39,18,143
h58,h7,610,610,26,25,51,50,83,84,335,352,353,354,352,353,362,363,364,363,368,369,468,622,662,663,689,736,747,749,886,886,888,912,915,916,919,918,938,1154,1174,1175,1172,1173,1174,1177,1178,1176,1181,1184,1182,1253,1254,1417,1418,1735,1741,1740,1740,1742,1782,2001,2125,2129,2126,2131,2449,2453,2454,2458,2460,2674,2675,2674,2676,2833,2837,3285,3282,3538,3544,4031,4035,4609
h125,h9,616,616,18,20,22,24,26,28,30,32,33,34,35,36,37,38,39,40,41,44,45,46,47,48,17,19,21,23,25,27,29,42,43,49,48,49,63,62,62,85,83,84,84,83,108,109,110,111,112,110,111,110,110,117,118,117,117,121,120,326,329,491,492,488,496,493,494,495,499,501,505,517,517,518,519,520,521,526,525,527,528,527,529,529,530,531,532,533,770,771,774,776,774,774,779,781,782,1098,1096,1101,1103,1101,1102,1104,1103,1107,1106,1107,1108,1109,1117,1181,1184,1185,1187,1371,1374,1373,1463,1464,1470,1469,1467,1468,1470,1471,1474,1477,1606,1605,1610,1606,1609,1607,1606,1608,1610,1611,1612,1613,1617,1771,1772,1772,1773,1967,1972,1975,1973,1975,1978,1977,1979,1977,1978,1980,1981,1980,1983,2159,2161,2160,2167
h142,h25,620,620,1,3,5,6,7,9,11,12,0,2,4,8,10,49,25,26,27,28,29,30,31,25,26,27,28,29,28,30,31,32,30,31,30,64,63,186,187,188,189,190,191,192,193,194,189,188,203,205,206,262,264,275,274,306,304,309,307,409,653,654,654,655,670,673,765,787,788,789,790,789,787,788,815,811,814,817,967,1114
h10,h21,606,606,43,44,45,46,47,50,51,52,53,54,23,24,28,29,30,31,32,33,34,35,37,38,39,41,42,48,49,27,28,29,30,31,32,33,27,28,29,47,47,49,121,122,123,124,125,126,127,128,129,130,131,132,133,132,131,133,134,131,132,133,134,201,202,203,204,201,202,201,201,315,320,316,317,316,317,386,455,479,603,609,610,611,665,666,674,692,693,698,699,700,942,944,953,954,955
h143,h25,557,557,277,449,626,624,625,627,700
h41,h20,604,604,77,78,79,80,81,82,85,87,89,91,93,95,97
h144,h8,612,612,48,49,50,51,52,54,84,85,113,231,232,233,236,231,232,233,285,287,285,286,287,288,290,291,296,297,298,300,338,339,344,346,624,625,626,627,628,631,632,633,753,754,755,819,820,874,874,953,954,956,953,1121,1122,1123,1124,1152,1231,1273,1273,1275
h97,h25,608,608,66,67,72,363,364,365,366,379,451,526
h15,h4,526,526,327,328,329,330,331,332,333,334,335,327,328,583,628,629,630
h51,h32,607,607,53,54,55,56,57,67,67,68,132,133,134,135,136,255,256,257,258,289,291,292,420,419,423,459,460,543,544,608,662,753,754,756,755,1008,1026,1027,1028,1114,1118,1120,1225,1226,1239,1317,1426,1426,1512,1550,1551,1649,2142,2143,2143,2144,2259,2296,2297,2299,2308,2534,2535,2571,3069,3070,3071,3069,3069,3070,3077,3189,3353,3355,3399,3401,3402,3656,3657,4293,4295,4295,4297
h15,h32,311,311,340,352,353,354,355,442,446,443,444,445,447,448,445,446,447,515,516,561,563,582,581,623,624,647,648,707,707,708,709,710,808,828,1025,1026,1027,1033,1062,1065,1104,1231,1232,1249,1344,1344,1345,1346,1347,1440,1572,1573,1583,1700,1767,1769,1832,1833,1875,1969,1970,1969,1970,1980,1983,1984,1994,2005,2103,2104,2107,2105,2105,2163,2164,2494,2768,2992,2994,2993
h132,h15,562,562,160,163,162,163,164,191,192,193,194,201,202,204,212,213,214,256,257,264,261,262,376,377,380,382,385,386,388,426,533,743,744,746,748,749,749,1063,1076,1077,1216,1218,1358,1361,1362,1363,1364,1365,1363,1383,1651,1652,1653,1656,1661,1662,1663,1676,2093,2358,2363,2629,2630,2629,2630,2637,2650,2952,2969,3066,3068,3238,3239,3240
h29,h25,127,127,1111,1113,1114,1115,1116,1117,1118,1119,1120,1121,1111,1112,1113,1114,1115,1116,1187,1188,1189,1190,1257,1270,1270,1271,1272,1288,1289,1367,1368,1433,1436,1437,1511,1512,1514,1549,1550,1551,1552,1549,1550,1551,1663,1664,1714,1715,1716,1717,1723,1727,1728,1731,1731,1732,1733,1735,1738,1739,1741,1742,1741,1742,1749,1750,1755,1761,1767,1804,1807,1815,1816,1842,1843,1855,1857,1855,1856,1857,1866,1867,1870,1882,1883,2048,2055,2332,2334,2341,2335,2338,2473,2934,2938,2945,2949,2953,2963,2966,2967,2968,2977,2978,3051,3063,3066,3071,3072,3073,3074,3080,3771,3772,3771,3772,3774,3774,3775,3780,3781,4200,4204,4207,4210,4277,4279,4281,4282,4294,4295,4296,4297,4303,4305,4306,4307,4308,4318,4924,4926,4928,4929,4930,4932,5366,5367,5368,5372
h43,h10,619,619,45,46,47,48,49,144,145,168,169,170,171,172,173,174,196,197,196,197,198,196,197,299,300,301,299,359,360,403,404,409,421,422,438,495,496,600,618,738,739,740,924,1204,1205,1232
h131,h15,631,631,23,31,27,28,29,30
h6,h1,636,636,24,25,26,27,28,29,30,467,468,469,470,471,472,473,474,475,581,591,592,687,688,689,697,698,734,735,737,749,750,751,753,782,856,857,859,860,861,889,890,889,890,891,889,890,978,979,981,984,985,984,985,999,1000,1003,1009,1014,1024,1026,1090,1095,1107,1150,1166,1172,1173,1174,1185,1186,1187,1587,1591,1595,1607,1610,1612,1645,1646,1647,1654,1680,1681,1682,1701,2467,2468,2469,2481,2482,2487,4053,4126,4127,4144,4267,4274
h22,h7,642,642,1,3,4,5,6,7,8,9,10,11,12,30,33,35,36,37,38,39,40,41,42,43,44,45,46,47,48,49,0,2,13,14,15,16,17,18,19,20,21,22,23,24,25,26,27,28,29,31,32,34,8,9,12,13,14,15,138,134,135,136,137,216,290,291,292,291,292,290,298,299,306,307,308,309,321,417,480,601,602,847,860,862,1028,1064,1114,1115,1362,1389,1390,1391,1389,1505,1588,1589,1593,1593,1595,1597,1651,1654,1651,1713,1717,1722,1724,2010,2012,2014,2011,2012,2013,2014,2054,2105,2108,2123,2219,2281,2281,2282,2604,2605,2610,2728,2730,3010,3013,3124,3413
h100,h28,438,438,520,521,522,523,554,555,556,557,558,559,560,561,634,640,641,642,859,860,861,862,967,1142,1143,1144,1216,1217,1219,1220,1231,1233,1232,1234,1235,1247,1248,1254,1254,1390,1392,1393,1395,1399,1523,1528,1693,1706,1705,1711,1867,1869,1873,1870,1871,2172,2181,2174,2176,2192,2194,2193,2194,2195,2196,2822,2947,2952,2954,3095,3170,3266,3300,3440,3809,3810,3811,3812,4162,4165,4164,4331,4333,5499
h75,h2,641,641,37,38,39,43,34,35,36,42,49,50,82,85
h94,h2,492,492,757,761,834
h76,h2,624,624,138,136,139,894,895,897,898,899,900,901,902
h105,h17,627,627,55,56,55,56,57,58,425,418,419,420,421,422,423,424,474,478,477,479,478,486,483,484,485,483,484,622,622,623,624,625,622,623,628,629,630,631,654,656,657,654,655,694,693,695,696,696,694,695,781,828,834,1011,1027,1026,1083,1155,1160,1154,1162,1163,1164,1156,1157,1158,1159,1163,1299,1300,1303,1304,1305,1338,1341,1599,1601,1603,1604,1606,1605,1604,1908,1909,1937,1939,1942,2002,2003,2007,2008,2061,2062,2063,2064,2072,2128
h85,h9,640,640,41,42,47,48,230,231,232,233,234,299,431,475,489,489,490,491,494,495,496,497,496,497,498,522,523,525,526,535,637,638,639,640,637,639,655,656,657,664,667,668,670,1136,1137,1138,1139,1141,1144,1146,1141,1143,1148,1149,1299,1361,1362,1370,1371,1371,1372,1444,1451,1604,1613,1608,1612,1613,1702,1706,1707,1709,1706,1708,1714,1882,1982,1985,1985,1986,1988,1991,1992,2415,2416,2423,2419,2422
h3,h8,643,643,32,33,34,35,36,37,38,551,554,604,605,606,607,658,659,660,661,722,727,728,729,730,731,828,829,830,831,832,833,834,835,836,829,830,831,832,852,853,854,853,854,938,961,1261,1262,1263,1271,1271,1272,1274,1277,1280,1280,1282,1283,1284,1287,1288,1289,1366,1369,1366,1367,1368,1369,1370,1379,1380,1384,1465,1468,1682,1856,1857,1858,1880,1881,1883,1891,1896,1897,2011,2012
h44,h26,574,574,263,314,315,316,317,414,415,416,417,418,419,420,417,478,479,493,494,495,523,524,525,526,527,543,544,550,551,552,582,734,759,762,839,840,845,960,961,964,966,961,965,961,979,982,983
h26,h26,630,630,70,297,298,458,459,460,461,485,486,487,485,486,487,496,497,498,499,549,630,631,637,669,670,671,672,673,674,693,695,765,899,900,901,908,911,914,915,917
h24,h29,651,651,2,3,4,9,20,21,22,23,24,25,26,4,5,6,7,8,9,10,11,13,14,698,699,700,701,702,703,704,705,706,907,907,913,916,918,919,920,921,923,925,1176,1177,1178,1179,1180,1181,1182,1183,1184,1185,1176,1177,1178,1179
h48,h2,480,480,313,314,315,316,366,367,368,369,370,391,392,420,421,424,434,459,673,683,717,718,720,721,718,719,720,745,746,747,748,750,751,752,753,752,940,941,949,984,985,986,988,988,989,1078,1119,1128,1127,1168,1171,1173,1174,1482,1483,1482,1483,1484,1487,1488,1530,1533,1532,1639,1643,1644,1919,1920,1923
h113,h4,648,648,31,35,20,21,22,23,24,25,26,27,28,29,30,32,33,34,37,38,39,40,41,42,43,44,45,46,47,48,49,23,20,21,22,24,25,26,21,22,23,578,579,580,700,802,803,804,805,806,807,808,809,810,816,831,830,833,835,903,904,975,978,1070,1097,1098
h98,h4,663,663,9,10,11,12,13,14,15,16,39,40,41,42,43,44,45,46,47,48,49,0,1,2,3,4,5,6,7,8,17,18,19,20,21,22,23,24,25,26,27,28,29,30,31,32,33,34,35,36,37,38,2,3,4,5,6,7,8,9,10,11,12,13,14,15,16,17,18,19,20,21,22,23,24,141,146,222,313,392,390,391,481,484,482,483,504,505,506,507,508,509,504,505,656,711,713,805,892,893,899,1010
h68,h11,633,633,295,296,297,298,299,300,301,302,303,304,305,306,307,308,309,310,311,317,318,321
h13,h11,649,649,13,16,32,33,34,35,36,37,38,39,40,41,42,43,44,45,46,47,48,49,21,22,23,24,34,34,35,36,37,38,45,57,58,59,60,125,126,177,178,179,180,181,291,292,525,526,527,528,529,537,538,560,561,562,563,564,563,564,565,566,593,613,919,930,1140,1144,1145,1148,1152,1153,1154,1155,1163,1169,1474
h118,h31,670,670,48
h84,h21,611,611,396,568,569,572
h58,h8,664,664,56,57,58,59,60,61,62
h34,h10,666,666,17,18,19,20,21,22,23,24,25,26,29,48,49,157,158,159,160,161,162,163,171,172,173,174,334,335,404,405,441,492,493,494,492,493,513,513,532,681,682,683,684,685,686,687,688,695,696,697,698,699,700,822,823,824,825,1049,1435,1436,1449,1686,2054
h115,h32,644,644,313,321,322,324,326,331,332,715,716,714
h123,h20,678,678,17,25,26,31,33,34,35
h100,h4,683,683,46,13,14,17,44,45,47,48,49,0,1,2,3,4,5,6,7,8,9,10,11,12,15,16,30,31,32,33,34,35,36,37,38,39,40,41,42,43,73,501,500,530,531,533,555,556,559,560,561,557,558,560,561,562,563,560,561,562,564,562,563,579,673,681,680,731,730,738,950,946,949,952,956,955,961,963,965,967,1156,1161,1160
h105,h1,673,673,105,106,107,115,116,117
h102,h3,695,695,29,30,31,32,33,34,35,36,37,38,39,40,41,42,43,44,45,48
h74,h6,699,699,111,110
h116,h30,712,712,46,47,48,49,50
h82,h20,391,391,331,332,333,334,382,402,409,487,488,485,486,514,515,516,517,518,523,521,522,524,525,543,568,585,584,596,599,622,695,696,697,853,854,855,857,856,870,871,873,1149,1151,1197,1241,1361,1359,1360,1359,1364,1458,1493,1701,1720,2446,3131,3320,3322,3323,3321,3322,3724,3843,3844,4120,4125
h28,h3,674,674,156,204,205,206,207,208,209,210,211,251,252,253,345,346,347,348,349,350,351,352,345,346,347,348,357,359,366,368,370,429,430,431,432,433,431,453,455,455,456,458,840,845,847,846,846,847,854,854,1006,1010,1092,1091,1093,1096,1099,1149,1231,1269,1270,1333,1331,1332,1336,1334,1335,1336,1609,1611,1925,2075,2420,2430,2739,2742,2743,2745,2746,3146
h69,h15,720,720,70,71,72,73,74,75,76
h127,h12,687,687,145,146
h138,h5,727,727,53,56,57
h80,h25,716,716,206,207,208,209,210,316,315,318,426,427,423,424
h20,h30,728,728,19,20,27,28,29,31,32,33,34,426,427,428,429,430,431,437,438,439,440,441,1060,1061,1758,1759,1865
h55,h18,732,732,40,42,44,46,48,50,129,130,131,403,404
h23,h30,719,719,98,99,100,101,104,484,485,486,487,488,489,490,491,484,485,486,487,562,632,633,634,635,633,634,898,899,986,988,1098,1099,1157,1158,1159,1158,1188,1705,1707,1708,2125,2127,2128,2127,2193,2195,2448,2449,2455,2971,2981,3042,3044,3045,3046,3047,3049,3051,3052,3053,3054,3055,3060,3122,3123,3124,3126,3130,3132,3423,3431,3437,3539,3540,3541
h117,h26,737,737,31,32,34,35,39,40,41,42,43,44,46,47,38,37,35,36,72,75,76,75,75,95,90,93,386,387,388,386,387,466,467,469,470,471,543,547,670,672,673,760,758,759,763,761,764,766,767,798,1024,1074,1102,1444,1558,1558,1559,1560,1686,1963,1978,1979,2005,2007,2010,2009,2011,2366
h6,h1,740,740,37,38,39,40,41,42,43,44,45,48,49,50,51,63,64,65,277,486,492,592,1005
h109,h32,490,490,348,350,347,351,406,451,452,466,465,465,466,467,479,477,478,478,511,513,519,520,527,575,577,648,651,647,655,737,738,736,741,736,737,739,742,744,743,743,744,745,746,747,787,788,1006,1007,1033,1038,1040,1039
h39,h25,742,742,18,16,17,44,46,43,56,57,80,78,79,81,82,87,88,89,90,91,87,88,89,107,108,144,147,174,208,205,206,210,205,206,207,208,205,206,349,349,350,418,420,448,449,447,453,473,474,478,515,521,523,520,522,525,526,526,527,825,822,834,835,837,848,852,863,886,887,889,892,892,893,894,896,922,921,924,928,926,927,1111,1259,1264,1265,1260,1261,1259,1265,1267,1332,1476,1480,1477,1477,1482,1482,1583,1591,1629,1653,1657,1653,1654,1655,1656,1656,1660,1661,1708,1706,1925,1924,1929,1930,1979,1978,1981,1981,1980,1983,1981,1983,2278,2276,2277,2279,2281,2282,2284,2285,2285,2286,2515,2514,2516,2519,2520,2760,2762,2761
h138,h27,750,750,28,29,31,36,25,26,27,30,35,58,59,60,193,194,195,196,197,198,199,200,211,215,210,212,213,214,226,227,230,229,237,238,236,347,348,345,346,349,364,365,366,367,424,425,426,427,428,429,496,497,498,501,502,503,518,581,582,588,589,588,839,842,838,846,841,845,847,845,843,844,847,844,845,1138,1132,1133,1136,1137,1138,1136,1138,1142,1143,1144,1148,1147,1403,1407,1406,1459,1457,1506,1505,1514,1516,1987,1985,1991,1992,1993,1993,1995,1996,2002,2003,2045,2264,2272,2270,2271,2524,2523,2524,2526,2525,2527,2552,2951,2958,2959,2960,2960,3309,3828,4337,4336,4340,4343,4410,4409,5707
h119,h12,754,754,7,8,9,16,17,18,19,20,21,22,23,24,25,26,27,28,29,30,31,32,33,34,35,36,37,38,39,40,41,42,43,45,46,0,1,2,3,4,5,6,10,11,12,13,14,15,44,47,48,49,8,10,15,17,3,4,5,6,7,9,11,12,13,14,16,19,20,21,22,23,24,9,10,11,12,29,30,31,32,33,136,186,184,185,187,188,187,188,189,190,230,231,232,230,231,249,250,251,252,253,254,265,266,297,298,402,540,544,830,841,842,843,844,845,892,896,898,899,900,914,915,915,916,936,942,1035,1036,1038,1037,1036,1040,1041,1112,1113,1113,1114,1271,1496,1518,1928,1929,1930,1927,1936,1937,1935,1938,2162,2167,2181,2205,2405,2406,2431,2432,2433,2439,2449,2722,2724,2725,2730,2731,2738,2735,2736,2737,2747,3457,4088,4089,4087
h121,h2,730,730,130,126,127,125,145,146,147,148,149,182,183,184,185,265,266,267,320,322,320,321,322,325,357,367,394,396,403,402,405,465,466,487,488,489,491,543,568,685,687,686,774,778,780,779,781,782,800,802,803,836,837,838,860,861,862,863,1045,1046,1050,1054,1092,1096,1097,1092,1093,1144,1151,1148,1151,1152,1153,1154,1219,1250,1257,1273,1275,1274,1325,1635,2009,2010,2009,2046,2108,2107,2107,2108,2110,2111,2115,2216
h137,h27,702,702,264,288,413,412,414,415,416,429,430,431,432,433,434,445,446,652,653,691,692,693,694,695,711,712,713,718,732,733,734,735,736,734,735,736,944,1149,1150,1154,1155,1149,1150,1151,1152,1153,1152,1153,1438,1439,1439,1440,1603,1604,1612,1604,1605,1608,1717,1775,1801,1804,2142,2143,2144,2181,2391,2392,2393,2396,2682,2686,3012,3019,3020,3022,3592,3956,4151,4284,4285,4286,4287,4565,4566,4569,4846
h33,h32,704,704,243,244,245,289,301,312,310,311,354,355,356,357,358,359,360,356,391,392,393,394,395,396,397,397,398,397,398,445,448,450,447,448,472,475,555,556,557,558,671,670,673,678,674,672,701,785,785,787,788,908,912,1001,1165,1242,1243,1245,1286,1287,1288,1348,1364,1414,1419,1417,1419,1420,1421,1426,1428,1535,1604
h34,h20,738,738,34,35,36,37,38,39,40,41,42,43,44,45,46,47,48,49,50,51,52,53,48,83,84,85,86,103,104,104,141,142,147,143,145,146,244,246,257,286,283,285,293,294,436,437,438,613,614,914,1523,1708
h28,h8,758,758,13,14,15,16,17,18,20,21,22,23,25,26,27,28,29,30,31,33,34,35,38,39,40,41,43,44,45,46,47,48,49,10,11,12,19,24,32,36,37,42,7,8,9,53,56,59,53,59,127,140,141,142,143,182,183,182,183,204,205,208,239,240,241,242,243,244,299,300,300,349,531,590,590,595,597,599,725,730,731,817,822
h132,h29,420,420,885,886,887,889,890,891,892,890,891,892,893,894,895,891,892,901,898,899,900,902,961,962,963,1028,1029,1030,1031,1055,1056,1054,1088,1086,1087,1084,1097,1094,1095,1094,1095,1104,1106,1107,1139,1321,1322,1323,1549,1573,1576,1668,1672,1673,1682,2084,2275,2276,2277,2279,2277,2277,2357,2360,2551,2552,2557,2557,2778,2923,2927,3120,3121,3322,3323,3328,3365,3589,3590,3592,3650,3652
h40,h8,756,756,13,14,15,11,12,23,24,23,25,118,119,120,123,124,125,126,151,164,165,164,168,168,169,177,177,178,185,188,189,190,191,287,286,540,685,686,687,686,688,687,792,793,816,1046,1047,1051,1052,1053
h102,h13,764,764,3,4,5,6,7,8,9,10,11,12,14,15,16,17,18,19,20,21,22,23,24,25,26,27,28,29,30,31,32,33,34,35,36,37,38,39,40,41,42,43,44,45,46,47,48,49,0,1,2,13,4,5,6,7,13,14,11,12,34,57,58,59,133,166,167,168,169,170,166,167,168,166,167,166,168,169,183,235,239,288,395,396,397,419,521,522,525,523,524,523,524,525,524,604,615,617,636,637,638,636,678,672,682,683,698,699,878,879,1015,1016,1017,1032,1032,1033,1100,1102
h46,h14,736,736,183,182,188,189
h135,h20,763,763,76,77,182
h7,h15,713,713,242,243,244,245,272,273,274,881,882,883,884,885,886,887,888,891,892,893,902,903,1053,1171,1172,1176,1274,1275,1281,1282,1524,1556,1681,1682,1704,1761,1762,1769,1784,1785,1813,1816,1817,1817,1819,1825,1856
h24,h8,765,765,42,55
h88,h25,757,757,25,27,28,24,26,41,42,44
h44,h8,771,771,28,27,29,32,42,145,155,150,153,154,330,329,331,356,357,358,359,354,355,520,611,609,610,612,614,618,615,616,617,617,683,709,707,708,711,710,828,825,826,827,825,826,827,857,859,864,864,870,1065
h41,h4,779,779,3,4,5,6,7,8,9,10,11,12,13,14,15,16,17,18,19,20,21,22,23,24,25,26,27,28,29,30,31,32,33,34,35,36,37,38,39,40,41,42,43,44,45,46,47,48,49,0,1,2,37,98,97,99,101,102,109,109,110,111,214,210,212,213,214,224,225,226,224,225,225,231,232,233,239,278,280,281,355,359,362,363,532,623,623,630,630,836,837,840,839,839,1125,1126,1127,1305,1313,1475,2134,2136,2137,2188,2632,2637,2638,3266,3269,3289,3297,3302,3591,3875,3876,3888,4205,4206,4581,4594
h21,h3,770,770,33,39,44,45,83,342,343,342,343,345,346,348,348,349,427,432,431,429,696,700,701,706,704,705,722,762,902,929,934,928,933,936,945,939,940,944,945,1347,1354,1359,1354,1393,1686,1889,1892,1888,1890,1891,1896,1902,1899,1900,1899,1902,2393,2398,2399,2403,2405,2401,2402,2404,2410,2439,2641,2651,2648,2649,2650,2655,2653,2654,2987,2986,3158,3157,3162,3170,3173,3176,3484
h71,h18,775,775,14,17,18,30,57,58,59,60,61,62,63,57,58,62,63,62,200,202,204,237,238,239,240,273,340,341,341,342,421,500,501,502,501,502,501,503,571,572,573,578,579,868,894,895,1336,1335,1419,1567,1591,1590,1811,1812,1811,1814,1815,1846,1848,1921,1922,1921,1923,1924,1925,1926,2277,2280,2281,2419,2425,2669,2671,2674,3009,3004,3005,3079,3081,3285,3286,3293,3320,3321,3322,3325,3865,3866,3868,3870,3865,3867,3869,3866,3868,4782,4785,4791,4794,4795,5465,5466,5471,6210,6212
h119,h16,787,787,37
h140,h6,724,724,673,674,675,676,677,678,679,680,681,682,683,684,685,686,687,688,689,717,719,715
h88,h16,755,755,327,328,329,330,331,332,333,334,323,324,325,326
h38,h14,790,790,29,36,47,58,22,23,24,25,26,27,28,30,31,32,33,34,35,37,38,39,40,41,42,43,44,45,46,48,49,50,51,52,53,54,55,56,57,59
h127,h13,791,791,32,33,34,35,36,37,38,39,40,41,42,43,46,47,48,49,9,10,11,12,13,14,15,16,17,18,19,20,21,22,23,24,25,26,27,28,29,30,31,44,45,23,24,92,94,95,96,171,172,174,175,173,172,172,176,177,316,323,502,503,501,504,507,508,509,507,508,508,509,645,647,646,647,696,760,761,762,763,764,765,766,768,764,766,770,805,807,818,819,818,819,822,821,868,914,911,912,913,915,913,916,915,1004,1004,1005,1006,1005,1201,1205,1206,1229,1230,1229,1234,1473,1476,1800,2098,2207,2212,2213,2213,2214,2213,2433,2437,2903,2904,2907
h53,h10,725,725,208,209,210,211,212,213,214,215,216,325,326,327,328,329,331,336,332,334,330,389,461,462,463,575,613,639,640,641,642,643,644,645,639,640,641,642,639,640,699,699,700,701,702,703,706,708,847,850,851,857,858,886,901,902,903,1096,1507,1509,1510,1516,2584,2595,2596,2749
h44,h13,803,803,30,31,32,33,34,35,36,37,38,39,40,41,42,43,44,45,46,49,63,66,67,63,64,65,67,68,69,66,66,67,66,72,73,72,85,85,86,85,88,89,90,107,215,257,362,363,364,364,365,377,437,480,656,741,743,744,744,745,907,908,920,1063,1218,1219,1223,1219,1220,1221,1224,1225,1226,1227,1341,1343,1345,1346,1721,1722,1748,1994,1995,1996,2043,2049,2481,2482,2515,2868,3106,3109,3111,3112,3370,3730,3731,3734,3893,4309,4310,4311,4312
h60,h17,469,469,877,875,876
h58,h13,809,809,27,28,29,30,31,32,33,34,35,36,37,38,39,40,41,42,43,44,118,119,120,121,122,123,124,328
h84,h14,777,777,235,236,237,238,239,240,241,391,392,678,679,680,681,682,683,679,741,824,825,826,827,827,828,829,830,827,828,863,913,914,915,916,978,995,996,1060,1061,1168,1232,1237,1238,1239,1238
h20,h7,812,812,49,50,46,47,48,65,66,67,68,202,203,223,223,224,225,223,224,434,435,436,437,438,439,437,438,439,440,465,472,472,473,474,639,670,675,771,772,774,775,776,1019,1020,1025,1221,1222,1225,1400,1403,1451,1451,1453,1458,1461,1588,1590,1954,1957,1958,1959,1960,1954,1956,1957,2256,2261,2262,2263,2263,2346,2348
h141,h24,744,744,105,110,102,104,108,109,102,103,104,105,106,107,108,109,110,111,112,113,114,109,110,111,112,144,145,146,147,148,149,150,178,179,180,181,197,198,199,200,201,203,204,205,215,212,213,214,275,277,278,276,279,280,281,282,283,275,276,277,278,279,281,283,293,296,299,422,421,504,507,509,519,523,523,525,526,527,540,564,642,644,643,644,644,685,687,688,769,770,902,904,905,907,908,909,913,911,952,955,1202,1203,1204,1205,1206,1249,1355,1356,1361,1360,1385,1391,1385,1386,1387,1388,1392,1393,1654,1658,1659,1821,1822,1867,1868,1867,1868,2013,2019,2033,2039,2054,2256,2258,2576,2584
h24,h18,814,814,32,33,34,35,36,37,38,78,79,80,81,82,83,139,140,141,142,143,144,191,192,193,219,220,264,265,449,450,611,612,613,676,790,793,794,800,801,802,805,981,982,986,989,995,996,1000,1001,1002
h92,h21,817,817,39,40,41,46,47,48,49,12,14,0,1,2,3,4,5,6,7,8,9,10,11,13,15,16,17,18,20,21,22,23,24,25,26,27,28,29,30,31,32,33,34,35,36,37,38,42,43,44,45,85,87,88,91,92,91,149,150,151,152,153,154,151,149,150,158,172,173,174,175,176,197,208,374,376,378,420,626,637,647,648,910,911,913,913,918,945,948,949,949,954,1053,1054,1150,1392,1649,1806,1808,2026,2589,2771
h106,h32,818,818,37,38,39,40,41,42,43,44,45,46,47,48,49,22,23,24,25,26,27,28,29,30,31,32,33,34,35,36,29,30,31,33,34,147,223,225,226,227,223,224,225,226,230,231,245,253,254,255,256,280,283,284,290,292,417,440,440,443,444,443,444,526,566,662,663,664,790,816,819,1147,1148,1149,1180,1375,1382,1388,1389,1392,1393,1500,1501,1502,1816,1836,1837,1838,1838,1980,1984,2015,2015,2016,2018,2022,2023,2262,2264,2441,2489,2490,2491,2490,2491,2491,2593,2594,2595,2599,2678,2828,2829,2830,2830,2877,2879,2877,2878,2879
h97,h14,834,834,37,39,41,43,45,47,49,151,149,150,264,470,467,468,469,557,558,559,557,558,639,640,733,736,733,734,735,878,987,986,1048,1061,1065,1064,1104,1104,1115,1117,1217,1442,1444,1444,1446,1445,1446,1447,1858,1862,1862,1863,1880,1881
h80,h21,836,836,18,33,20,34,35,31,32
h132,h5,838,838,48,49,50,51,53,93,94,154,181,182,183,184,185,186,301,395,396,397,400,495,514,515,516,656,673,674,675,953,954,964,966
h134,h21,739,739,415,416,417,418,565,566
h82,h24,844,844,38,39,41,53,57,61
h103,h21,804,804,42,43,44,45,46,47,48,49,50,51,52,53,54,55,56,110,109,111,113,312,313,314,315,316,317,357,358,406,407,413,414,415,447,447,448,449,450,488,489,492,490,491,498,671,672,672,684,980,1011,1015,1016,1017,1169,1174,1175,1188,1187,1301,1298,1299,1300,1449,1450,1449,1452,1458,1539,1542,1560,1664,1666,1740,1919,1923,1918,1922,1924,1919,2075,2202,2561,2562,2566,2934,2933,2936
h12,h25,808,808,149,150,177,180,181,186,187,188,189,194,198,199,201,202,203,204,230,228,229,269,273,336,388,388,449,451,453,452,585,586,634,635,637,637,639,708,711,712,714,822,933,949,955,958,1053,1158,1165,1369,1659,1659,1661,2365,2495,2559,2563,2613,2613,2614,2615,2615,2617,2618,2619,2997,3003,3084,3324,3327,3328,3329,3485,3651,3654,3655,3657,3655,3894,3895,3897,3899
h141,h32,854,854,12,5,6,7,8,9,10,11,13,17,18,19,6,7,9,10,11,12,13,14,15,16,17,8,6,7,6,7,8,9,11,14,11,12,12,13,19,20,21,22,21,22,219,227,252,253,260,261,443,446,444,446,669,670,671,671,675,676,676,676,677,875,877,1014,1015,1018,1053,1054,1054
h88,h21,855,855,32,33,34,35,36,37,38,39,40,41,42,43,44,45,46,47,48,49,0,1,2,3,4,5,6,7,8,9,10,11,12,13,14,15,16,17,18,19,20,21,22,23,24,25,26,27,28,29,30,31,14,15,16,17,18,19,20,21,22,23,18,19,18,22,22,23,27,70,71,70,71,72,73,74,88,90,107,221,348,466,606,731,735,736,757,758,760,758,914,915,921,954
h80,h25,852,852,37,39,40,36,42,48,49,56,52,53,60,61,78,79,80,98,99,100,101,107,107,108,112,113,141,137,138,139,140,142,143,157,158,176,177,178,176,177,179,264,265,268,268,272,468,467,494,492,493,497,641,1085,1088,1091,1092,1088,1089,1090,1101,1182,1183,1199,1200,1201,1202,1345,1465,1467,1478,1479,1530,1646,1647,1648,1647,1649,1652,1719,1720,1721,1773,1774,1775,2283,2406,2408,2409,2406,2408,2409,2433,2554,2555,2727,2729,2727,2728,2736,2905,2908,3294,3300,3466,3473,3471,3473,3474
h54,h16,856,856,64,65,70,72
h31,h4,570,570,838
h73,h15,802,802,123,124,121,122,435,459,471,472,473,531,548,682,797,798,799,801,854,856,856,857,858,972,1054,1055,1059,1079,1078,1078,1079,1080,1238,1239,1241,1260,1261,1370,1376,1380,1381,1383,1398,1403,1682,1710,1711,1823,1829,1828,2097,2261,2534,2555,2556,2747,2748,2750,2753,2966,2972,3307,3526,3527
h141,h12,858,858,24,25,43,4,5,6,7,8,9,10,11,12,13,14,15,16,17,18,19,20,21,22,23,27,28,29,30,31,32,33,34,35,37,38,39,40,41,42,44,45,46,47,48,49,29,17,18,19,20,21,22,23,25,26,27,28,202,203,204,205,212,377,378,379,380,381,382,436,437,438,439,440,441,442,443,436,437,438,436,437,448,446,449,449,477,478,479,514,513,537,609,610,611,679,680,679,680,684,687,906,909,1037
h43,h3,853,853,79,80,82,83
h76,h13,865,865,39,40,41,42,43,44,45,46,48,49,23,24,25,26,27,28,29,30,31,33,34,35,36,37,38,47,50,51,52,53,54,289,285,286,287,288,311,312,313,314,315,309,310,368,369,371,372,413,414,415,415,416,415,420,425,676,678,684,685,686,681,682,683,684,685,684,916,917,920,922,924,924,1176,1214,1215,1583,1585,1587,1589,1584,1586,1587,1588,1584,1591,1592,1592,1623,1920,1925,1926,1951,1952,1954,1955,1956,1957,2067,2124,2126,2124,2340,2342,2573,2575,2578,2574,2575,2834,2836,2874,2877,2880,2883,3122,3123,3126,3128,3130,3132,3133,3159
h129,h9,864,864,33,34,35,36,37,38,39,39,55,56,57,203,204,209,211,209,210,219,220,221,222,221,221,221,221,236,235,311,312,310,324,367,372,374,477,477,479,478,534,535,544,544,546,548,547,546,549,555,556,566,598,599,598,599,602,642,643,648,648,649,651,655,669,669,706,791,795,793,794,800,971,972,973,1028,1030,1029,1033,1034,1087,1089,1090,1156,1215,1216,1319,1320,1548,1547,1547,1548,1791,1796,1810,1814,1815,1816,2052,2055
h144,h12,823,823,105,106,107,108,112,113,112,144,139,140,141,142,143,200,214,215,216,217,218,251,247,248,249,250,247,248,247,291,292,293,294,295,296,297,298,431,433,434,431,432,441,647,808,816,818,819,881,884,1081,1082,1082,1261,1262,1264
h86,h8,880,880,7,8,10,12,15,14,12,13,63,64,61,62,106,128,129,130,131,132,164,166,178,179,180,298,361,573,578,580,576,577,579,574,575,576,577,575,576,620,792,793,794,792,793,795,821,822,824,860,863,864,993,994,1001,1010,1013,1040,1210,1245,1247,1247,1360,1357,1359,1361,1477,1557,1556,1559,1560,1561,1561,1564,1812,1819,1816,1817,1819,1826,1827,1842,2073
h37,h5,887,887,14,15,16,17,18,20,21,22,24,26,29,30,32,33,34,35,36,37,38,39,40,41,42,43,45,47,19,23,25,31,20,21,22,23,24,184,185,186,198,201,201,202,222,220,221,223,224,222,241,242,243,244,394,395,396,425,518,519,520,745,763,767,770,771,813,878,883,898,900,901,902,904,903,904,928,1071,1072,1074,1076
h52,h20,881,881,43,5,6,7,8,9,10,12,13,14,15,16,17,18,19,20,21,22,23,24,25,26,27,28,29,30,31,32,33,34,35,36,37,38,39,40,41,42,44,45,46,6,7,8,9,10,11,12,13,14,15,16,17,5,125,126,127,122,123,124,125,126,139,140,141,142,139,150,149,151,152,153,248,273,357,354,355,356,487,480,486,535,535,536,537,538,539,538,556,557,687,959,960,1660,1905
h133,h28,751,751,235,236,237,238,240,488,483,484,485,486,487,581,703,700,701,702,701,702,701,731,732,733,734,735,736,732,736,737,916,918,950,951,1099,1102,1103,1103,1108,1109,1190,1257,1269,1270
h122,h26,883,883,35,36,37,44,45,51,52,41,42,43,46,47,38,39,40,41,40,41,42,92,93,94,95,97,112,113,114,115,152,153,192,212,211,213,214,212,213,214,216,217,217,218,220,221,222,225,227,225,227,227,235,294,296,298,313,314,318,344,345,444,441,443,448,449,526,527,762,763,764,764,766,764,765,766,790,796,984,985,1018,1020,1070,1074,1462,1465,1484,1576,1920,2409,3994,4032,6196
h23,h12,874,874,5,6,7,8,9,10,11,12,13,14,15,16,17,18,19,20,21,22,23,24,25,26,27,28,29,30,31,32,33,34,35,36,37,38,39,40,41,42,43,44,45,46,47,48,49,5,6,7,8,9,10,11,13,14,15,16,17,152,158,159,162,216,220,221,222,223,224,223,224,225,223,224,268,269,270,271,277,278,279,280,281,287,293,324,325,451,459,460,461,463,527,533,541,542,565,566,566,806,808,1381,1382,1382,1386,1384,1385,1386,1433,1436,1909,1910,1914,1932,2463,2483
h71,h26,884,884,41,38,39,40,46,47,48,49,38,39,40,41,42,43,44,39,40,41,47,67,118,128,128,129,146,145,144,197,198,199,200,202,203,304,306,384,386,389,390,389,686,725,768,771,790,791,792,825,1066,1067,1068,1090
h18,h19,888,888,48,50,51,52,53,54,835,836,837,838,839,841,842,843,847,848,849,855,856,856,1085,1086,1087,1124,1136,1137,1138,1139,1142,1143,1819,1820,1822,2766,3360,3361,3782,3797,3801
h134,h12,832,832,42,43,44,45,46,47,46,56,55,57,58,63,69,90,100,102,103,104,105,102,101,103,155,156,157,158,159,160,161,162,163,164,170,171,172,173,174,175,171,172,171,232,233,429,433,439,478,686,691,707,719,722,726,729,730,867,868,874,875,1037,1039,1044,1085,1086,1311,2000,2002,2271,2272
h69,h20,860,860,151,197,200,202
h26,h11,913,913,0,37,38,39,42,43,44,45,49,1,2,3,4,48,23,24,25,124,125,126,192,193,194,203,204,205,206,207,208,204,205,208,209,208,214,215,216,217,219,220,221,222,227,228,247,311,446,485,624,629,630,735,859,860,861,866,861,862,863,864,992,1027,1027,1029,1353,1373,1376,1378,1376,1381,1382,1383,1533,1540,1754,2135,2608,2609,2610,2609,2611,2906,2907,2913,2914,3584,3585,3858,3863,3863,3868,3868,4108,4109,4110,4111,4509
h47,h7,915,915,0,3,6,7,9,16,1,2,4,5,8,10,11,12,13,14,15,17,18,19,20,21,22,23,24,78,96,97,98,96,97,118,119,120,121,122,121,122,121,128,129,130,131,140,153,152,153,153,161,163,278,280,281,505,506,538,538,540,544,839,841,839,841,843,1163,1164,1185,1186,1187,1188,1187,1188,1189,1188,1322,1324,1331,1349,1401,1444,1449,1449,1450,1451,1451,1467,1469,1484,1490,1492,1591,1655,1693,1694,1695,1718
h134,h8,918,918,5,7,8,12,16,18,0,1,20,23,24,6,29,11,31,34,35,38,41,47,28,49,25,26,27,30,106,149,150,151,152,169,172,173,174,172,173,201,198,199,200,201,274,335,358,359,360,357,361,374,375,377,377,379,379,444,446,454,458,483,488,489,490,493,494,495,496,525,525,527,618,688,689,692,693,695,696,697,754,841,896,897,922,924,925,931,932,932,933,942,943,946,951,952,1108,1115,1165,1244,1268,1301,1389,1389,1394,1395,1482,1484,1485,1602,1603,1703,1704,1706,1705,1761,1925
h24,h7,905,905,47,48,49,56,57,47,48,49,50,51,52,99,100,102,103,179,180,181,182,183,184,185,186,187,188,189,241,242,243,244,245,241,242,241,243,244,332,335,339,347,348,349,386,388,386,521,537,537,538,564,567,786,787,794,812,815,815,923,925,951,953,951,952,1017,1020,1022,1024,1101,1103,1109,1106,1108,1173,1174,1175,1182,1177,1252,1256,1256,1257,1257,1258,1270,1430,1431,1437,1815,1945,1946,1945,2078,2264,2265
h42,h24,916,916,11,2,3,4,5,6,7,8,9,10,12,13,14,15,16,17,18,19,20,21,22,23,24,25,26,27,28,29,30,31,32,33,34,35,36,37,38,39,40,41,42,43,44,45,46,47,48,49,199,202,203,204,201,319,320,321,322,323,324,325,326,327,380,381,382,383,393,394,393,394,393,408,409,446,447,448,452,446,447,449,478,484,485,507,508,509,508,509,510,512,623,649,649,650,651,681,682,684,813,819,820,921,923,926,923,923,924,924
h128,h3,922,922,13,14,15,16,19,20,22,24,26,27,32,33,34,41,42,43,47,49,4,5,6,7,8,9,10,11,12,17,18,21,23,25,28,29,30,31,36,40,44,45,46,48,44,45,46,47,48,49,50,51,52,53,54,55,44,45,46,47,48,49,50,44,45,46,47,44,45,140,141,147,148,157,158,157,158,157,157,162,208,235,236,243,363,362,462,484,821,822,815,819,823,915,915,916,917,919,918,975,990,991,1188,1189,1263,1287,1288,1290,1293,1295,1296,1299,1600,1613,1614,1615,1752,2034,2037,2038,2394,2397,2397,2398,2399,2402,2589,2696,2960,3410,3627,3628,3629,4197,4221,4228,4439,4443
h58,h19,920,920,26,28,31,37,39,42,10,11,12,13,14,15,16,17,18,19,20,21,22,23,24,25,27,29,30,32,33,34,35,36,38,40,41,43,44,45,46,47,48,49,36,37,38,39,40,41,210,211,212,213,214,215,216,217,218,219,220,281,286,287,281,282,283,284,285,284,285,286,287,305,306,307,308,309,309,308,310,311,313,315,313,314,420,421,422,423,424,425,426,427,428,446,606,598,599,600,602,603,604,599,600,608,938,942,943,1488,1502,2163,2461,2586,3531
h134,h27,924,924,12,13,14,16,21,22,18,38,37,42,33,32,52,172,174,176,177,179,173,172,174,175,176,182,183,184,201,202,205,206,248,252,253,254,254,255,256,256,260,336,479,485,479,633,656,658,657,656,829,840,843,848,847,888,964,965,1013,1124,1126,1124,1125,1127,1169,1171,1174,1172,1173,1173,1184,1186,1183,1382,1383,1522,1523,2062,2063,2064,2066,2068,2069,2201,2460,2481,2481
h32,h10,885,885,194,194,195,196,201,202,203,204,201,202,201,202,203,204,203,279,418,419,420,421,422,423,424,425,426,427,428,439,440,441,442,443,444,445,446,446,447,448,641,784,1072,1281
h3,h8,919,919,37,38,39,238,239,240,357,661,662,663,664,665,666,706,707,708,761,762,763,1155,1212,1219,1225,1226,1228,1236,1286,1562,1563,1564,1565,1568,1570,1571,1572,1574,1576,1577,1578,1585,1642,1643,1731,2081,2082,2093,2094,2104,2107,2108,2109,2110,2258,2266,2331
h51,h25,908,908,168,173,178,168,169,170,171,172,173,174,175,247,249,250,251,270,270,271,272,342,372,373,390,391,397,398,397,398,415,416,415,428,481,480,483,484,688,689,690,692,693,692,694,712,886,1008,1010,1039,1040,1039,1040,1067,1202,1207,1205,1243,1247,1368,1369,1370,1371,1374,1374,1425,1426,1426,1427,1431,1432,1620,1619,1623,1624,1626,1660,1661
h11,h17,837,837,324,351,352,353,354,371,372,369,373,419,420,421,422,433,435,436,438,434,437,538,539,537,541,544,545,549,550,551,617,618,619,620,621,622,644,645,646,728,733,732,728,729,730,731,733,873,878,1076,1077,1079,1083,1084,1087,1119,1122,1125,1126,1127,1126,1130,1130,1131,1134,1135,1134,1135,1136,1135,1136,1140,1141,1142,1152,1154,1151,1157,1156,1159,1175,1178,1179,1181,1180,1180,1181,1269,1270,1274,1277,1279,1279,1342,1340,1341,1394,1616,1615,1669,1670,1672,1676,1678,1679,1677,1678,1679,1955,1961,1960
h57,h5,910,910,49,207,208,255,521,522,523,524,560,558,559,590,591,592,707,703,704,706,708,709,943,944,945,946,947,948,949,950,951,952,953,954,955,956,957,958,959,950,951,943,944,945,946,947,948,949,966,1034,1035,1064,1065,1067,1128,1129,1135,1136,1136,1137,1144,1145,1341,1441,1442,1447,1448,1445,1446,1461,1462,1466,1467,1642,1824,1826,1827,1830,1906,1934,1934,1936,1937,1938,1939,1942,1943,2142,2147,2390,2393,2394,2393,2394,2465,2466,2467,2468,2586,2589,2590,2590,2588,2589,2591,2592,2594,2596,2631,2632,2729,2732,2940,2941,2944,3092,3096,3097,3099,3100,3103
h20,h5,800,800,143,173,174,182,415,416,417,418,419,420,421,422,423,424,418,419,420,450,451,495,540,542,777,778,850,1009,1010,1011,1124,1126,1160,1162,1163,1168,1170,1171,1218,1217,1322,1322,1323,1326,1329,1334,1337,1617,1618,1617,1620,1763,1772,1959,1960,1962,1968,1969,1988,1989,1990,1990,1994,1995,2136,2137,2139,2316,2381,2654,3134,3138,3139,3147,3145,3146,3150,3151,3152,4040,4041,4254,4402,4404,4593
h6,h5,894,894,70,95,96,107,108,155,166,203,205,220,221,458,462,466,510,513,514,515,583,600,613,618,620,623,622,625,628,628,653,654,659,660,661,663,664,665,689,699,700,700,709,725,726,730,736,737,738,740,741,746,747,750,753,756,757,758,803,804,806,808,809,810,811,812,824,825,826,829,826,844,845,845,846,847,852
h35,h23,933,933,29,30,31,32,33,40,47,27,28,34,35,36,37,38,39,41,42,43,44,45,46,48,49,240,241,242,243,244,245,246,330,356,355,396,397,398,397,398,399,458,556,598,850,850,851,852,853,853,1024,1025,1026,1279,1284,1287,1288,1289,1306,1307,1713,1717,1722,1725,1721,1722,2226,2292,2293,2298,2297,2308,2309,2310,2311,2351,2355,2356,2365,2928,2935,2939,3072,3075,3464,3466,3470,3748,6051,6701
h32,h32,793,793,249,251,268,278,379,380,381,382,383,384,385,386,387,384,385,386,626,678,679,682,683,684,696,767,768,771,772,773,850,851,858,861,862,869,947,952,953,956,1018,1033,1034,1116,1121,1182,1219,1220,1222,1232,1233,1238,1238,1239,1245,1247,1448,1449,1452,1453,1455,1454,1457,1459,1474,1477,1480,1651,1652,1813,1815,1944,1945,2106,2108,2109,2116,2162,2166,2170,2171,2482,2483,2487,2493,2494,2594,2594,2595,2596,2597,2617,2618,2617,2619,2620,2624,2625
h60,h32,701,701,157,157,158,159,229,256,257,254,255,258,259,260,261,284,285,286,570,571,569,572,577,578,579,582,585,586,593,596,596,597,598,654,660,660,753,757,869,866,868,867,868,870,869,876,877,909,1154,1153,1193,1194,1274,1302,1321,1324,1327,1326,1645,1655,1654,1654,1657,1699,1699,1700,1751,1752,1753,1756,1751,1768,1768,1769,1821,2552,2548,2551,2553,2626,2712,2713,2715,2716,2718,2719,2754,2756,2868,2869,3193,3269,3270,3267,3268
h16,h27,781,781,459,460,461,464,465,466,477,559,559,560,561,563,562,567,566,566,567,620,623,624,620,621,622,623,620,621,622,633,795,792,793,797,798,792,797,796,1110,1111,1112,1114,1111,1114,1110,1112,1113,1114,1116,1303,1307,1308,1449,1451,1475,1478,1496,1498,1501,1784,2042,2051,2052,2187,2189,2188,2311,2313,2708,2820,2821,2823,3192,3465,3699,3706,4612
h106,h13,927,927,36,31,32,33,35,131,134,222,223,222,223,222,254,252,253,252,253,254,255,252,253,260,261,265,266,490,530,535,536,537,539,538,538,603,604,649,652,653,655,656,656,774,775,776,1144,1147,1147,1187,1193,1195,1196,1197,1194,1195,1194,1195,1196,1197,1585,1587,1588,1781,1782,1785,1787,1786,1787,1790,1789,1790,1792,1832,1833,1835,2076,2077,2079,2079,2080,2080,2368,2369,2406,2412,2415,2416,2807,2808,2809,2810,2810,2815,3213,3614,3615,3621,3622,3959,3961,3963
h69,h17,941,941,30,31,32,33,38,39,40,41,42,43,44,47,48,49,50,240,241,241,240,242,240,241,246,266,267,270,271,269,318,324,324,325,326,327,436,437,440,550,556,556,665,666,820,821,822,823,824,825,826,998,1000,1001,1034,1041,1042,1042,1305,1309,1308,1308,1309,1339,1909,1910,1912,1964,1964,1966,1967,1968,2027,2031,2033,2165,2166,2233,2498,2500,2645,2646,2664,2666,2667,2667,2667,2669,2670,2672,2670,2671,2872,2880,2917,2918,3198,3200,3202,3206,3352,3396
h113,h17,951,951,21,22,24,36,37,38,39,40,41,42,43,44,45,46,47,48,49,168,180,181,182,183,184,185,211,214,212,213,227,228,229,230,351,353,354,352,355,361,360,363,351,355,356,357,359,359,360,361,364,462,467,470,469,473,547,558,551,553,686,690,689,689,695,1220,1223,1226,1227,1231,1228,1232,1228,1232,1233,1230,1228,1229,1236,1235,1236,1237
h111,h18,948,948,17,16,40,41,33,34,35,36,37,38,39,92,88,89,90,91,93,94,89,90,91,127,129,131,132,133,230,231,260,261,262,263,264,362,364,365,364,362,363,365,413,416,415,460,464,463,465,548,550,621,622,627,622,623,625,945,976,975,977,978,1122,1138,1139,1200,1314,1315,1315,1316,1320,1330,1331,1333,1332
h112,h7,945,945,45,46,47,49,43,44,48,50,187,186,191,193,228,229,230,227,231,232,239,240,241,242,239,240,242,243,245,246,247,345,355,386,388,387,429,427,428,430,432,430,431,433,784,781,782,783,781,784,784,785,787,819,942,941,1148,1150,1152,1154,1153,1162,1166,1167,1170,1210,1213,1486,1483,1484,1485,1485,1487,1488,1486,1485,1487,1492,1542,1543,1548,1571,1670,1672,1674,1675,1676,1675,1676,1954,1955,1957,1954,1961,1964,1965,1967,2214,2215,2219,2216,2214,2215,2219,2223,2223,2230,2231,2229,2675,2673,2676,2678,2681
h70,h7,830,830,214,215,217,213,247,262,263,264,265,266,267,286,287,288,289,286,287,305,301,302,303,304,306,302,303,301,316,405,535,537,569,571,712,797,797,798,983,984,980,1002,1001,1019,1021,1127,1128,1299,1324,1326,1345,1346,1347,1348,1478,1482,1485,1478,1479,1486,1488,1489,1490,1489,1517,1541,1543,1549,1716,1717,1719,1719,1720,1722,1795,1794,1891,1890,1891,1893,1892,2289,2291,2292,2294,2296,2298,2297,2299,2298,2515,2514,2745,2748,2744,2746,2906,2932,3397,3402,3403
h73,h31,944,944,14,89,91,88,90,97,93,94,95,96,97,106,109,107,108,106,120,121,122,119,135,136,137,138,139,140,153,154,155,156,157,158,163,164,165,166,167,171,172,173,203,204,205,206,207,208,209,210,249,246,247,248,250,252,246,349,685,1057,1499
h59,h15,949,949,14,18,37,38,39,10,11,12,13,15,16,17,19,31,32,33,34,35,36,41,42,43,86,87,88,89,90,91,92,90,99,100,112,208,209,360,459,458,460,473,475,477,509,510,511,512,509,510,767,772,797,802,801,803,804,854,902,903,905,1131,1132,1133,1151,1153,1442,1443,1468,1775,1774,1783,1850,1852,1851,1853,1854,1854,1904,1905
h108,h18,846,846,321,322,355,489,490,491,492,493,540,543,617,620,707,843,844,845,846,850,851,873,873,875,874,876,916,918,1009,1010,1011,1012,1019,1021,1022,1021,1161,1162,1164,1230,1231,1232,1233,1504,1507,1508,1509,1509,1510,1512,1509,1516,1735,1741,1743,1836,1856
h144,h32,969,969,7,8,9,10,11,12,14,15,16,17,18,19,20,23,24,13,21,22,25,151,157,153,154,155,156,272,274,280,272,273,274,275,301,300,403,408,409,412,412,422,423,423,423,424,424,624,624,625,627,659,749,750,941,944,955,956,974,978,1064,1142,1143,1153,1153,1391,1392,1666,1675,1673,1674,1676,1726,1725,1728,1729,1732,1729,1731,1732,1734,1764,1765,1767,1768,2213,2206,2207,2214,2212,2216,2217,2218,2225,2226,2227,2228,2546,2547,2547,2605,2604
h79,h12,980,980,8,10,12,13,27,39,42,45,2,3,4,5,6,7,9,11,14,15,16,17,18,19,20,21,22,23,24,25,26,28,29,34,35,36,37,38,40,41,43,44,46,47,48,49,2,3,4,5,6,8,9,10,20,27,28,29,73,71,72,74,87,90,91,89,92,96,97,94,95,98,159,160,161,162,163,164,244,245,246,247,248,250,249,294,299,442,482,483,487,760,765,775,918,927,1109,1119,1119,1120,1121,1122,1126,1170,1171
h114,h25,978,978,22,23,26,28,30,33,10,34,15,16,17,18,19,20,21,29,41,48,50,44,45,46,47,49,46,47,48,49,65,66,94,94,95,96,100,103,104,108,109,110,111,118,148,150,149,150,172,174,200,203,202,205,225,224,227,457,467,517,518,523,524,527,522,517,519,521,520,531,532,531,543,561,562,564,756,815,816,816,815,1106,1106,1114,1111,1112,1113,1113,1114,1225,1226,1230,1229,1232,1233,1233,1235,1236,1423,1422,1425,1427,1483,1489,1489,1879,1881,1882,1922,2227,2226,2233,2228,2230,2231,2233,2233,2235,2234,2237,2555,2554,2609,3054,3055,3049,3066,3067,3393,3403,3399,3400,3402,3402,3515,3625
h94,h29,983,983,23,24,25,26,27,28,29,30,31,32,33,34,35,36,38,41,42,43,44,45,46,47,48,49,2,13,14,15,16,17,18,19,20,21,22,37,39,40,12,0,1,3,9,10,11,36,37,38,39,27,28,29,30,31,32,33,34,35,75,124,145,431,432,430,437,436,431,430,432,433,434,435,436,457,453,453,454,454,455,461,460,467,483,486,486,689,690,719,718,725,979,1356,1362,1366,1363,1364,1367,1366,1369,1546,1615,1619,1620,1621,1620,1621,1853,1855,1854,1855,1856,1857,1855,2105,2106,2110,2450,2443,2445,2446,2447,2448,2451
h45,h2,820,820,181,182,183,213,214,319,311,312,315,310,313,314,316,317,483,481,482,484,572,573,577,578,577,578,578,579,578,586,587,588,589,921,925,928,930,932,933,1018,1019,1020,1021,1022,1023,1076,1076,1089,1093,1103,1104,1212,1213,1216,1217,1437,1471,1705,1877,1878,2211,2209,2212,2213,2544,2547,2548,2557,2558,2910,2911,3153,3154,3157,3161,3374,3375,3376,3828,3828,3829,3830
h70,h11,984,984,33,36,39,41,43,44,45,46,47,48,49,0,1,2,3,4,5,6,7,8,9,10,11,12,13,14,15,16,38,40,42,6,25,130,154,169,170,171,172,169,170,175,176,177,178,175,176,184,192,288,289,290,358,359,362,490,562,565,616,761,1054,1055,1056,1209,1213,1216,1217,1364,1366
h114,h8,988,988,14,17,30,32,34,44,15,16,42,47,26,27,28,29,31,33,35,38,39,40,41,43,16,17,18,105,105,106,107,108,148,151,153,149,179,174,175,176,177,178,174,232,232,233,233,284,288,289,695,696,696,715,715,716,817,826,867,910,911,912,913,913,915,916,992,994,993,1081,1087,1088,1087,1090,1257,1258,1626,1860,1862,1863,1866,1869,1869,1870,1869,1870,1902,2144,2142,2149,2152,2153,2157,2163,2164
h86,h24,990,990,32,34,35,36,38,42
h133,h18,989,989,35,38,39,40,41,42,43,44,45,49,28,29,30,31,33,34,36,37,48,50,40,41,42,43,42,43,77,78,79,80,81,82,86,89,90,105,109,110,111,118,119,120,132,133,134,168,206,226,225,241,268,332,334,439,444,445,479,479,480,481,485,735,787,884,976,1138,1139,1145,1146,1159,1161,1398,1532,1534,1535
h39,h24,991,991,34,35,36,37,38,39,40,41,42,43,44,45,46,47,48,49,14,0,1,2,3,4,5,6,7,8,9,10,11,12,13,15,16,17,18,19,20,21,22,23,24,25,26,27,28,29,30,31,32,33,18,6,7,8,9,10,11,12,13,14,16,17,19,6,7,8,9,10,22,23,24,25,22,23,24,31,32,33,34,35,31,32,33,37,38,39,40,49,48,50,74,82,83,84,84,85,92,92,93,94,94,95,97,99,101,306,307,310,309,310,311,312,490,513,523,525,544,546,547,722,723,725,726,727,734,735,736,728,730,777,778,779,777,778,783,784,783,825,990,992,993,994,1000,1000,1285,1289,1290,1688,1689,1695,1945,2313,2960,2961,3274,3279,3280,3285,3908,4547,4551,4676
h56,h2,862,862,470,471,472,473,474,475,476,477,478
h143,h24,994,994,6,21,22,24,39,40,41,42,43,46,47,48,49,4,5,7,8,19,20,23,30,31,32,33,34,35,36,37,38,44,45,6,8,9,10,11,12,13,14,15,7,119,122,120,121,123,139,140,141,142,143,144,141,139,140,156,159,154,155,157,158,224,225,226,227,228,229,237,426,431,429,430,428,430,429,472,473,474,588,649,647,653,664,666,667,668,670,670,672,671,678,677,704,705,707,845,847,849,961,1131,1132,1139,1141,1280,1276,1277,1284,1277,1276,1282,1280,1281,1280,1285,1302,1625,1626,1628
h17,h11,968,968,253,255,257,263,273,274,254,256,275,277,281,262,272,279,280
h10,h3,993,993,17,18,20,21,22,23,24,25,37,38,240,240,240,241,242,250,520,521,522,764,765,766,767,768,769,1115,1116,1117,1123,1159,1718,1832,2225,2226,2231,2232,2233,2468,2535,2536,2543,2694,2700,2703,2718,2729,2744,2748,2755,2765,2766,2775,2775,2776,2777,2790,2792,2796,2798,2799,2815,2816
h126,h27,981,981,112,113,114,115,118,119,120,121,122,288,289,290,294
h97,h11,996,996,24,30,20,22,23,42,29,40,41,47,48,49
h131,h15,997,997,35,36,37,38,39,40,41,42,29,30,31,32,33,34,39,63,66,63,64,65,96,243,244,260,260,268,269,268,308,389,390,394,433,434,583,595,835,838,941,942,943,1040,1043,1063,1064,1063,1099,1100,1101,1102,1102,1102,1137,1238,1577,1581,1768,1811,1860,1861,1866,1866,1903,1903,1905,1905,1906,2187,2189,2334,2335,2445,2608,2609,2908,2939,2939,2940,3142,3143
h56,h12,954,954,147,146,488,489,490,491,492,494,495
h49,h9,998,998,37,35,36,38,39,40,45,46,49,50,51,52,64,65,66,67,68,175,176,257,258,259,260,261,262,263,264,265,261,261,262,261,262,280,281,282,287,286,367,387,389,390,391,413,558,559,561,563,565,559,559,560,567,568,569,570,571,788,789,792,793,794,797,796,798,934,938,939,1167,1216,1219,1227,1286,1287,1288,1286,1287,1288,1288,1293,1297,1307,1308,1309,1310,1313,1316,1318,1320,1368,1505,1506,1507,1511,1512,1685,1688,1801,1802,1803,1804,1807,1808,1808,1809,1810,1810,1811,2008,2009,2010,2011,2013,2263,2264,2265,2267,2265,2267,2265,2266,2271,2272,2447,2448,2451,2452
h78,h12,848,848,465,466,467
h104,h31,999,999,35,39,13,14,15,16,17,18,19,20,21,22,23,24,25,26,27,28,29,30,31,33,34,36,37,38,40,41,42,43,44,45,46,47,48,49,96,97,98,155,156,157,158,159,341,342,343,344,345,346,347,348,349,365,366,367,368,369,370,390,385,386,387,388,389,391,395,396,397,398,399,395,396,528,529,532,639,640,945,966,1004
h115,h9,1011,1011,8,9,11,12,13,14,16,18,20,24,25,29,33,36,39,41,43,7,10,15,19,23,32,35,40,173,174,175,176,239,240,241,240,241,241,242,242,243,261,262,261,262,261,272,273,275,274,275,276,442,445,443,444,728,729,730,732,736,737,738,738,738,739,874,1051,1053,1107,1109,1113,1110,1201,1201,1228,1235,1267,1268,1271,1273,1284,1459,1586,1588,1588,1657,1659,1663,1664,1665,1671,1737,1742,1743,1743,1743,1744,1745,1746,1746,1747,2128,2129,2130,2130,2134,2138,2307,2312,2314,2315,2314,2315,2316,2321,2322,2548,2549,2557,2558,2559
h92,h20,1009,1009,46,33,34,38,42,49,51,53,41,42,43,44,45,46,142,140,141,211,226,227,228,285,294,544,545,546,547,896,897,936,1282,1284,1285
h133,h29,1001,1001,84,80,81,82,83
h47,h29,1012,1012,24,21,23
h4,h29,972,972,185
h70,h23,1022,1022,33,34,35,36,37,38,39,40,41,42,43,44,45,46,47,10,11,12,13,14,15,16,17,18,19,20,21,22,23,24,25,26,27,28,29,30,31,32,48,49,21,22,21,22,23,24,25,26,27,44,44,45,46,47,61,62,63,64,65,61,62,63,171,195,196,207,284,404,405,406,409,629,630,879,891,892,893,894,893,892,896,907,906,906,1071,1225,1428,1429,1428,1483,1485,1486,1487,1505,1505,1506,1507,1650,2116,2314,2315,2316,2323,2626,2800,2796,2801,2802,2970,3111,3148,4371,4372
h83,h17,1023,1023,14,33,34,35,36,37,38,39,40,41,42,43,44,45,46,47,48,49,128,130,133,134,135,136,141,142,143,165,170,172,186,187,188,186,187,188,268,269,270,271,272,306,308,310,311,310,312,483,484,486,494,495,485,486,487,489,490,492,780,781,784,833,834,839,835,976,1046,1047,1049,1052,1054,1055
h21,h29,964,964,26,27,28,29,30,31,32,33,34,35,36,37,38,39,40,41,26,27,28,29,30,31,32,33,34,35,35,711,712,713,714,713,714,715,741,742,741,743,741,742,749
h102,h7,1019,1019,40,43,46,47,39,41,42,44,45,79,80,81,82,83,90,90,90,125,122,123,124,122,183,185,232,357,396,560,561,579,581,579,580,595,594,599,622,623,799,800,803,805,803,804,810,810,811,1084,1088,1138,1139,1142,1148,1149,1148,1153,1154,1155,1155,1198
h48,h16,1036,1036,7,8,9,11,13,15,16,17,18,19,20,21,23,22,44,24,26,29,30,32,33,41,45,24,23,25,26,17,18,19,20,21,22,27,28,29,30,31,32,33,34,182,183,184,185,186,182,183,184,182,183,249,250,251,252,253,254,255,299,300,301,302,303,304,305,306,307,308,299,300,301,302,303,299,300,301,304,305,581,582,867,1460,1587,2735
h60,h30,1032,1032,56,57,58,59,60,61,63,64,65,68,74,75
h81,h21,1043,1043,17,18,19,20,21,22,23,24,25,26,27,28,29,30,31,32,33,34,35,36,37,38,39,40,41,42,43,44,45,46,47,48,49,0,1,2,3,4,5,6,7,8,9,10,11,12,13,14,15,16,73,72,74,110,111,112,115,116,117,115,116,121,122,123,124,150,151,187,194,195,513,514,516,518,629,662,663,668,669,670,668,669,670,691,695,714,715,714,716,716,718,720,720,721,1304,1562,1565,1568,1568,1569,1570,1572,1575,1577,1578,1598,1769,1775,1787,1792,1793,1795,1812,1814,1815,1816,1918,1919,1920,1922,1923,1924,1927
h76,h22,1052,1052,20,21,22,23,24,25,26,27,28,29,30,31,32,33,34,35,36,37,38,39,40,41,42,43,44,45,46,47,48,49,19,76,77,78,79,80,81,309,310,311,312,314,315,316,317,318,319,390,391,393,386,387,388,389,392,477,478,479,480,483,581,582,764,765,766,767,768,895,896,900,941
h83,h20,1044,1044,70,72,71,75
h110,h5,1062,1062,22,23,24,25,26,35,36,37,38,39,40,41,42,43,44,45,3,47,49,31,32,34,13,14,15,16,17,18,19,25,22,23,24,87,109,151,153,153,176,182,195,196,197,285,286,289,290,291,390,394,400,401,402,401,402,636,642,643,668,670,670,671,674,675,677,678,719,778,779,780,869,870,871,1036
h57,h20,1021,1021,48,49,50,51,52,53,54,55,56,57,58,59,67,68,69,70,113,114,115,215,217,218,247,291,579,583,637,1282,1283,1535,1538,1539,1540,1571,1612,1620,1956,2018,2019,2370,2552,3508,3667,3668
h31,h18,1047,1047,16,17,18,19,20,21,22,23,24,25,26,27,28,29,30,31,32,33,34,16,17,18,19,21,22,115,116,117,118,234,235,237,238,241,243,555,556,558,559,910,916,918,919,1003,1007,1171,1173,1174,1175,1176,1177,1178,1203,1489,1490,1493,1494,1503,1504,1505,1507
h19,h18,1048,1048,17,18,20,21,22,23,24,25,26,27,28,29,17,18,19,20,21,26,27,181,190,191,193,298,300,301,302,350,351,461,462,463,464,465,488,489,490,491,489,490,551,552,643,646,1042,1279,1280,1280,1281
h139,h32,1065,1065,4,5,6,7,8,9,11,12,13,14,17,18,19,20,21,22,23,24,25,26,27,28,30,31,32,33,34,35,36,37,38,39,40,41,44,45,49,0,1,2,3,10,15,16,29,42,43,46,47,48,96,97,112,114,114,112,113,115,291,291,292,293,294,295,477,574,575,576,577,584,587,588,588,589,589,590,693,725,721,722,723,730,806,807,840,841,842,845,847,864,865,866,1053,1053,1054,1055,1165,1170,1172,1345,1346,1348,1350,1425,1427,1429,1431,1529,1654,1656,1693,1694,1701,1702
h5,h5,871,871,653,761,762,763,765,856,858,904,1305,1437,1438,1796,1799,1800,2259,2260,2283,2283,2322,2358,2379,2384,2385,2879,2884,2885,2912,2914,2919,2921,2923,2929,2929,2930,2934,2989,3327,3333,3331,3332,3333,3345,3347,3349,3350,3350,3351,3717,3819,3824,3826,3827,3829,4142,4144,4153
h95,h2,1064,1064,8,10,11,12,13,14,15,16,17,18,19,20,21,22,23,24,26,0,1,2,3,5,6,7,25,28,10,16,20,21,22,24,0,1,2,3,4,5,6,7,8,9,11,12,13,14,15,17,18,19,23,211,210,213,278,279,280,278,279,278,280,281,282,289,288,298,299,300,301,302,300,592,596,597,598,600,601,602,605,670,674,836,837,838,839,850,867,871,911,952,1127,1130,1130,1131,1129,1129,1159,1160,1221,1226,1227,1395,1396,1398,1400,1404,1405,1550,1549,1629,1635,1803,1804,1805,1988,1992,1993,1995,2010,2011,2014,2266,2267,2268,2269,2280,2278,2572,2600,2599,2833,2835,2860,2861,3002,3004,3123,3191
h28,h13,1067,1067,14,15,16,17,18,19,20,21,22,23,24,25,26,27,38,41,43,44,1,8,9,10,11,12,13,28,29,30,31,32,34,36,37,40,45,46,10,1,2,3,4,5,6,7,8,9,11,12,13,6,7,65,110,104,105,106,107,104,105,104,104,113,114,115,130,131,169,170,170,171,172,173,305,323,324,325,462,462,535,703,724,741,742,743,745,743,778,778,779,780,855,921,922,925,926,927,928,924,924,925,927,929,970,1007,1008,1192,1225,1226,1225,1226,1229,1478,1482,1483,1595,1594,1831,1832,2059,2191,2192,2199,2575,2579,2582,2581,2582,2586,2791,2792,2795
h15,h6,1051,1051,0,1,2,3,4,5,6,7,8,9,10,11,12,13,14,15,16,17,18,19,20,21,22,23,24,25,26,27,28,29,30,31,32,33,34,35,36,37,38,39,40,41,42,43,44,45,46,47,48,49,120,121,122,123,124,126,127,128,129,130,131,120,121,122,123,124,125,164,165,166,167,164,165,170,171,172,173,429,430,431,432,433,434,435,436,437,438,431,431,432,507,508,509,510,507,508,539,539,541,542,543,547,548,550,551,571,575,580,581,583,585,589,591,616,618,619,622,624,635,636,637,971,974,976,1393,1394,1405,1482,1483,1809,1817,1833,1873
h32,h21,1070,1070,18,19,20,21,22,23,24,25,26,30,31,32,34,35,36,38,39,40,41,49,221,222,223,224,225,226,227,228,229,230,231,232,235,240,241,239,240,241,306,307,308,309,453,454,456,457,458,462,463,453,454,455,456,457,458,470,473,535,537,549,554,556,645,646,815,816,819,820,821,820,845,850,902,905,906,985,986,987,1008,1470,1471,1473,1474,1475,1491,1541,1547,1548,1549,1552,1550,1551,1553,2142,2143,2588
h71,h10,935,935,341,342,343,344,345,346,347,340,446,447,448,449,450,443,444,445,451,449,450,451,452,454,520,521,522,520,521,522,576,575,590,591,592,598,600,707,708,714,715,710,707,708,709,711,899,900,901,1177,1178,1182,1184,1637,1817,1990,2160,2185
h99,h3,1075,1075,36,49,50
h8,h21,1083,1083,9,13,14,15,16,17,42,0,4,5,6,7,8,10,11,12,30,71,72,74,75,77,72,71,73,74,75,72,73,82,83,84,85,86,116,117,118,119,120,121,122,115,130,131,145,146,167,170,169,171,194,212,326,327,331,372,373,626,632,629,627,628,631,627,629,872,874,875,876,989,1068,1070,1072,1348,1351,1366,1463,1464,1465,1852,1853,1857,1858,1858,1860,1861,1859,1863,2693,2695,2694
h40,h27,1081,1081,43,44,45,46,38,42,10,11,12,13,14,15,16,17,18,19,20,21,22,23,24,25,26,27,28,29,30,31,32,33,34,35,36,37,39,40,41,47,48,60,61,62,241,241,247,242,243,245,246,252,253,254,255,262,267,262,263,264,264,266,292,295,296,297,292,293,294,295,422,423,424,426,426,428,429,431,575,659,661,662,663,664,666,663,671,673,812,818,820,820,928,932,928,929,932,943,945,944,945,964,974,1370,1375,1376,1374,1375,1376,1378,1385,1387,1390,1767,1768,1769
h18,h7,1033,1033,318,319,320,321,322,326
h48,h22,1079,1079,41,43,54,55,56,57,58,59,60,89,90,91,92,93,204,201,396,470,471,909,910,970
h48,h32,1089,1089,39,40,41,43,50,38,42,44,45,46,47,48,49,45,46,80,79,199,200,222,224,225,226,227,232,234,235,237,238,350,350,465,513,561,692,693,702,694,697,692,693,695,696,698,698,735,737,738,968,974,986,988,1010,1013,1013,1015,1016,1017,1079,1188,1190,1341,1342,1346,1369,1417,1467,1553,1646,1650,1651,1650,1651,1762,1765,1766,1882,2787,2789,2790,2948,2949,2952,3208
h135,h32,1092,1092,12,26,29,6,7,8,9,10,11,13,14,15,16,17,18,20,21,22,23,24,25,27,28,30,31,12,15,6,7,8,9,10,11,13,14,16,17,18,13,14,15,13,14,16,29,30,31,46,47,48,54,55,56,57,74,79,89,281,351,415,839,841,843,844,846,847,849,845,845,846,847,976,977,1011,1142,1164,1399,1407,1408,1409,1797,1801,1800,1933,1936,1944,1953,1957,2095,2336,2337,2341,2384,2390,2875,2926,2927,3123,3764,3765,3767,3770,3893,4107,4108,4409,4412,4415,4670,5111,5121
h22,h32,878,878,844,845,846,847,848,873,878,907,980,981,982,983,1031,1053,1056,1159,1162,1163,1179,1386,1605,1607,1608,1609,1611,1616,1616,1617,1622,1623,1622,1623,1714,1722
h105,h12,1091,1091,58,53,54,55,56,57,61,62,63,63,68,72,447,443,444,445,446,448,445,447,448,553,555,556,553,554,564,565,566,567,588,589,892,909,1028,1032,1135,1137,1186,1188,1190,1339,1340,1341,1341,1405,1408,1551,1554,1610,1611,1612,1778,1781,1970,1971,1974,2161,2162,2206,2370
h124,h22,1095,1095,59,60,61,62,57,58,63,64
h126,h11,1056,1056,181,182,191,266,267,310,311,313,314,314,404,405,452,453,454,482,483,499,503,535,542,543,542,544,676,677,678,679,734,735,737,740,741,863,864,865,865,888,891,894,890,894,895,1147,1148,1149,1150,1360,1751,1879,1880,1881,1883,2296,2297,2298,2299,2301,2302,2304,2306,2307,2311,2459,2573,2574,2923,2925,2927,3302,3307,3308,3307,3308,3309,3316,3317,4536
h57,h22,1101,1101,13,14,15,16,17,18,19,20,21,22,23,24,25
h120,h22,1096,1096,54,55,56,57,58,59,60,61,62
h72,h10,1086,1086,77,79,80,81,82,83,84,85,145,146,147,148,152,153,159,161,244,245,246,321,322,323,342,439,440,444,505,506,507,508,822,864,1030,1112,1475,1480,2528
h72,h22,1088,1088,91,92,93,94,95,96,97,98,99,100,101,102,103,104,105,106,107,108,109,110,111,112,113,114,115,116,117,118,119,120,121,122,123,124,125,126,127,128,129,130,131,132,133,134,135,136,137,138,139,140,141
h55,h2,1059,1059,263,264,282,283,287,288,289,290,310,312,315,313,314,315,401,402,462,463,460,461,464,460,461,474,524,608,610,677,716,717,718,870,874,961,962,970,984,999,1000,1001,1001,1001,1178,1181,1234,1235,1236,1237,1264,1265,1266,1268,1537,1758,1760,1762,1945,1947,1952,1953,1954,1954,1962,1965,1962,2087,2687,2688,2689,2692,2699,2939,2942,2946,3124,3125,3698,3699,3705,4059,4060,4062,4067,4332,4708,4713
h68,h13,977,977,48,49,50,51,51,52,132,133,136,137,138,136,137,140,142,151,152,153,318,317,321,319,320,404,448,467,469,470,471,469,467,470,606,607,610,611,611,676,675,827,828,829,829,830,831,832,833,857,858,861,859,858,857,859,955,956,957,958,959,996,1004,1149,1150,1168,1319,1320,1317,1318,1319,1318,1351,1352,1354,1718,1720,1758,1763,1757,1761,1762,1767,1766,1766,1770,1768,1769,1775,1776,1774,1799,1803,1805,1806,1871,1872,1870,1874,2190,2196,2196,2204,2201,2598,2595,2596,2597,2601,2600,2600,2601,2602,3400
h90,h27,1114,1114,16,0,1,2,3,4,5,6,7,8,9,10,11,12,13,14,15,17,18,19,20,21,22,23,24,25,26,42,30,31,32,33,34,35,36,37,38,442,447,577,639,640,641,642,646,732,871,872,873,878,1149,1150,1151,1153,1154,1155,1402,1403,1407,1647,1648,1649,1651,1652,1654,1920,1921,1924,1930,1933,2057,2059,2061,2212,2228,2534,2535,2536,2538,2536,2537,2586,2775,2781,2775,2776,2777,2778,2779,2779
h29,h27,1037,1037,179,180,181,478,479,517,697,699,700,867,878,883,878,879,880,882,932,932,933,1035,1124,1125,1132,1132,1134,1132,1134,1135,1134,1135,1136,1144,1145,1145,1146,1569,1570,1571,1573,1575,1583,1584,1585,1586,1596,1602,1827,1828,1874,1910,1914,1915,1916,1917,1932,1940,1941,2040,2041,2042,2047,2048,2046,2047,2049,2053,2065,2081
h125,h11,1123,1123,26,31,39,42,44,46,47,2,3,4,5,6,7,8,9,10,11,12,13,14,15,16,17,18,19,20,21,22,23,24,25,27,28,29,30,32,33,34,35,36,37,38,40,41,43,45,48,49,14,15,16,17,102,220,221,222,223,224,225,226,227,228,221,222,221,224,236,237,238,548,635,636,635,636,638,639,709,711,713,712,713,944,946,947,944,946,947,951,966,1177,1179,1181,1186,1190,1192
h38,h11,1124,1124,38,36,37,39,40,42,43,0,1,2,3,4,5,6,7,8,9,10,11,12,13,14,15,16,18,19,20,21,22,23,24,25,26,27,28,29,30,31,32,33,34,26,29,31,33,22,23,24,25,27,28,30,32,34,35,36,37,38,22,23,24,25,26,27,43,44,45,46,47,48,43,44,44,44,48,49,49,50,52,53,62,173,174,243,244,245,246,248,244,247,246,321,322,328,328,329,330,330,331,332,418,423,424,426,459,467,600,853,855,932,1089,1087,1088,1094,1095,1096,1294,1533,1828,1833,1882,1910,1943,2188,2191,2192,2192,2193,2192,2263,2305,2307,2308,2322,2468,2469,2469,2471,2600
h143,h25,1111,1111,12,13,42,43,44,45,46,47,48,49,50,55,90,138,139,140,141,142,143,143,144,146,147,156,157,158,159,176,278,280,282,287,413,415,414,415,415,415,416,420,421,423,700,701,705,709,710,704,704,705,706,712,712,713,723,724,756,990,992,1008,1053,1081,1082,1083,1082,1212,1213,1214,1215,1446,1873,1878,2106,2348,2354,2728,2734,2736,2738,2773,2802,2803,3362,3365,3370,3371,3374,3378,3379,3376,3380,3378,3815,3816,3817,3818,3819,4311,4405,4406,4407,4408,4409,4412,4641,4644,4645,5002,5002,5004,5005,5276,5280
h110,h5,1134,1134,9,10,11,12,13,14,15,16,17,18,19,20,21,22,23,24,25,26,27,28,29,30,31,32,33,34,35,36,37,38,39,40,41,42,45,0,1,2,3,4,5,6,7,8,24,1,2,3,4,5,6,7,8,9,10,11,12,13,14,15,16,17,18,19,1,6,7,181,183,260,261,262,259,264,259,260,261,262,263,287,286,297,347,409,410,413,411,420,423,439,501,570,578,576,602,741,742,744,747,748,846,847,850,851,852,855,859,860,857,858,981
h122,h26,1133,1133,15,17,18,20,21,22,24,25,26,28,30,32,33,34,36,37,38,40,42,43,46,47,48,27,29,31,39,16,19,23,35,41,44,23,24,25,26,27,28,29,30,36,37,38,38,64,64,65,65,138,139,140,181,175,188,189,190,191,304,300,301,302,303,301,302,303,304,307,513,601,602,608,620,621,622,653,660,679,680,681,682,682,685,713,717,715,716,1019,1025,1021,1022,1023,1022,1021,1054
h93,h27,1132,1132,22,23,25,26,27,28,29,30,31,32,33,34,35,37,38,40,44,45,47,49,3,4,5,6,7,8,9,10,11,12,13,14,15,16,17,18,19,20,21,24,36,39,42,43,46,48,3,4,5,6,7,8,9,36,35,37,105,103,108,109,104,105,106,107,108,110,198,199,200,201,202,203,204,205,201,326,373,374,375,375,377,379,378,379,651,657,651,653,654,659,810,811,973,974,991,995,996,1010,1012
h101,h26,1125,1125,41,42,43,44,45,46,47,48,101,103,104,105,106,109,250,251,252,253,254,255,484,485,486,487
h117,h28,1031,1031,287,289,286,288,311,320,333,334,335,333,334,360,359,361,362,363,364,365,380,377,378,379,502,503,493,495,496,497,498,499,500,501,504,493,494,495,496,497,498,675,678,679,730,931,937,932,938,950,1111,1119,1155,1154,1326,1328,1370,1371,1372,1379,1382,1383,1409,1728,1730,1731,1729,2023,2024,2030,2030,2059,2062,2184,2189,2188,2312,2313
h31,h15,1130,1130,24,25,26
h102,h15,1128,1128,38,39,40,41,42,43,44,45,46,47,48,49,50,51,52
h102,h27,1141,1141,22,24,37,38,39
h88,h15,1119,1119,47,48,49,50,51,52,53,54,52,321,322,323,361,359,360,362,367,368,377,378,443,646,647,655,793,795,796,830,832,832,834,835,836,937,940,959,1153,1238,1243,1289,1294,1290,1310,1445,1574,1581,1890,2066,2307
h111,h19,1113,1113,30,31,33,34,35,36,37,38,39,40,41,42,43,44,45,46,126,127,130,127,128,129,127,128,142,144,145,142,143,242,243,244,245,246,247,248,268,431,431,437,438,754,902,904,1029,1030,1259,1268,1564
h125,h14,1078,1078,431,432,430,612,607,608,721,722,765,765,766,767,768,901,905,906,907,935,936,979,1087,1091,1262,1270,1269,1269
h25,h13,1135,1135,28,29,30,31,32,33,34,35,36,37,38,39,40,41,42,43,44,45,46,47,48,49,51,52,53,54,55,56,57,58,63,132,130,131,130,131,132,130,131,154,152,156,157,158,166,188,189,198,200,225,346,349,350,356,349,350,354,499,693,724,726,728,729,727,728,728,728,732,884,887,888,889,886,910,915,915,916,917,917,918,1053,1054,1055,1062,1056,1057,1056,1057,1057,1268,1270,1270,1272
h46,h18,1162,1162,23
h9,h26,1168,1168,24,23,35,36,40,41,43,439,440
h23,h18,1149,1149,111,112
h16,h26,1163,1163,43,44,61,65,66
h10,h30,1053,1053,351,352,353,354,355,356,357,358,359,360,361,362,363,364,365,366,349,350,414,510,509,511,512,513,519,520,527,528,718,719,770,771,772,775,776,770,771,772,831,832,865,951,952,1085,1086,1253,1254,1475,1476,1583,1598,1602,1603,1604,1605,1606,1605,1614,1617,1618,1619,1620
h141,h26,1106,1106,339,478,479,480,481
h24,h10,1166,1166,44,45,46,47,48,49,141,142,143,144,145,146,503,504,505,518,550,545,546,547,548,549,551,552,560,564,565,715,716,717,718,719,720,721,722,723,724,725,733,735,737,738,739,740,733,734,735,736,772,864,865,1271,1272,1461,1467,1565,2142,2148,2149,2150
h127,h26,1010,1010,56,57,58,59,60,61,62,61,62,63,64,78,79,80,81,82,86,87,86,87,207,208,210,212,213,214,215,216,209,211,208,294,297,300,299,300,299,602,603,613,609,612,615,617,618,616,659,660,661,666,667,666,667,679,681,734,736,737,741,744,795,796,794,796,797,798,797,819,821,822,823,826,827,825,1030,1101,1105,1106,1111,1488,1489,1487,1496,1490,1494,1495,1497,1498,1497,1499,1500,1504,1502,1509,1999,2006,2007,2339,2340,2343,2483,3029
h90,h13,1176,1176,31,32,35,37,39,41,42,47,48,49,34,36,38,40,158,150,151,152,153,154,155,156,157,201,197,198,199,200,210,211,212,213,214,210,211,210,222,223,238,239,240,241,440,440,441,562,569,574,631,632,667,670,667,668,669,677,810,930,933,934,930,931,932,933,934,934,936,937,1186,1303,1306,1312,1307,1308,1309,1311,1313,1317,1332,1335,1337,1494,1494,1495,1617,1621,1622,1623,1758,1858,1862,1862,1890,1891,1890,1891,1896,2250,2256,2592,2593,2625,2630,2633,2707,2711,2713,3238,3239,3240,3249,3250,3728,3729,3953,3954,3959,3959,3960,3963,3964,3965
h79,h8,1172,1172,21,23,24,25,27,28,46,47,48,49,50,51,22,74,75,74,75,76,77,106,107,108,106,107,106,106,123,124,125,126,171,172,173,265,266,332,333,334,335,512,515,516,516,723,840,1039,1056,1059,1058,1101
h128,h21,1018,1018,325,326,343,339,340,341,342,352,353,354,355,356,362,363,364,365,388,389,390,391,392,397,404,405,406,403,421,569,648,652,681,686,687,752,753,1123,1152,1153,1374,1379,1379,1380,1381,1396,1397,1531,1532,1533,1539,1540,1774,1784,1922,2136,2262,2269,2451,2453,2454,2455,2457,2770,2772,2776,2778,2780,2781,2827,3356,3357,3360,3366,4651,4653,5323
h40,h15,1193,1193,6,7,11,13,16,18,27,44,0,2,3,5,10,14,15,17,19,20,21,22,23,24,25,26,30,31,33,34,35,36,37,39,67,66,70,71,108,107,113,111,247,394,570,588,635,642,814,848,845,865,866,867,867,868,913,1096,1099,1104,1127,1215,1216,1217,1253,1687,1989,1994,1991,2187,2188,2214,2423,2446,3015,3021,3582
h65,h6,1194,1194,56,43,44,45,46,47,48,49,50,51,52,53,55,86,90,91,85,88,97,95,96,132,131,199,200,201,202,203,414
h35,h26,1207,1207,0,1,2,3,4,5,6,7,8,9,10,11,12,13,14,15,16,17,18,19,20,21,22,34,41,42,43,44,45,47,32,40,48,39,46,10,11,12,13,14,15,16,17,18,19,20,21,22,23,24,10,11,12,13,39,40,41,35,36,37,38,50,53,54,54,59,57,58,316,317,319,320,377,378,381,440,441,442,509,510,512,552,550,552,554,555,568,880,882,902,903,906,910,1087,1088,1355,1595,1600,1602,1604,1978,1979,1980,1981,1982,2156,2159,2161,2162,2162,2505,2506,2508,2510,2515,2519,2936,2937,2940,2949,3157,3165,3536,3879,3880,4101,4105
h92,h13,1139,1139,292,293,297
h54,h17,1208,1208,12,13,14,15,16,17,18,27,29,30,31,32,35,22,36,37,38,39,40,41,42,36,37,38,57,59,76,77,78,112,113,115,116,117,118,153,156,256,257,258,266,260,263,260,261,262,408,412,415,409,411,409,410,414,414,416,418,421,422,557,584,585,585,586,852,853,859,860,858,1296,1302,1303,1310,1311,1314,1315,1328,1432,1499,1500,1512,1563,1569,1570,1571,1677,1773,1777,1778,2337,2341,2722,2727,2728,2731,2734,2735,2736,2737,2757,2758,3168,3171,3172,3174,3175,3172,3174,3448,3451,3454,3821,3822,3827,3828,4226,4227,4234,4239,4238,4239,4240,4241,4241,4242,4243,4244
h11,h32,1206,1206,4,5,6,7,8,9,10,28,29,38,39,40,41,42,43,44,45,46,47,48,49,36,37,7,8,7,8,9,10,11,12,13,7,8,9,10,254,255,256,257,258,265,297,298,299,300,312,427,428,432,609,623,673,859,863,864,866,1107,1109,1109,1112,1113,1114,1137,1299,1302,1306,1342,1343,1645,1756,2337,2545,2551,2553
h42,h6,1186,1186,143,144,145,146,147,148,149,150,151,152,153,154,155,156,157,158,159
h131,h28,1215,1215,17,25,26,37,16,24,29,36,39,40,41,42,52,53,54,55,56,57,58,18,17,91,92,93,94,264,260,261,262,263,265,266,267,290,287,288,289,291,292,293,287,288,289,290,320,322,323,324,323,536,542,540,541,540,610,806,807,809,808,810,811,829,913,962,965,1063,1255,1256,1496,1506,1560,1602,1606,1607,1619,1722,1822,1824,2178,2179,2463,3142,3704,3706,3705
h30,h19,1105,1105,413,414,413,414,415,416,457,459,457,458,459,459,460,461,507,509,510,511,508,509,524,526,524,525,526,574,576,827,828,833,835,837,839,840,844,845
h42,h7,1213,1213,25,53,196,194,195,220,217,218,219,258,257,262,263,629,624,625,626,627,628,630,631,632,633,634,635,636,637
h11,h28,1150,1150,204,207,210,211,212,213,205,207,210,211,212,213,270,277,270,271,272,273,285,286,287,288,295,298,294,296,350,351,352,353,354,491,495,494,685,773,793,795,978,1081,1135,1340,1341,1340,1343,1344,1395,1399,1804,1843,2217,2348,2349,2350,2576,2785,2787,2898,3176,3181
h77,h1,1211,1211,36,35,69,70,71,72,70,71,72,71,72,73,154,236,236,237,257,506,504,508,511,513,511,512,513,953,955,954,1366,1374,1567,1783,1787,1790,1791,1792,1793,1814,1815,1816,1814,1830,1831,1993,1995,1995,1994,2169,2477,3051,3052,3143,3144,3151
h83,h17,1226,1226,33,34,35,36,37,38,39,40,41,42,43,44,45,46,47,48,49,32,14,15,16,17,18,19,20,21,22,25,98,130,131,132,133,134,135,136,137,151,155,157,158,183,183,189,190,191,191,193,230,232,233,339,340,340,341,392,393,398,424,428,431,643,640,644,645,646,647,867,938,939,1016,1018,1019,1020,1049,1050,1049,1050,1062,1063,1064,1064,1296,1297,1299,1300,1338,1361,1575,1642,1749,1782,1830,2062,2066,2068,2204,2203,2211,2462,2463,2673,2674,2710,2711,2712,2714,2711,2713,2713,2714,2881,3259,3463,3465,3466,3467,3464,3465,3686,3689
h72,h25,1218,1218,50,33,34,35
h126,h1,1171,1171,346,347,348,349,350,356,394,398,394,395,400,401,402,403,402,557,558,559,560,561,562,563,564,565,566,567,557,558,560,561,562,557,558,559,557,558,789,792
h139,h17,1225,1225,33,25,26,27,28,29,30,32,125,122,123,124,166,163,164,165,167,183,187,189,188,191,188,189,190,188,189,196,196,197,198,212,213,214,215,216,318,321,370,371,369,372,370,371,372,430,433,533,537,538,539,544,549,568,569,572,826,853,855,1099,1102,1102,1103,1102,1111,1112,1435,1436,1437,1435,1437,1482,1484,1483,1543,1545,1544,1546,2109,2111,2112,2113,2114,2116,2121,2120,2201,2201,2203,2204,2206,2207
h35,h13,1232,1232,40,42,44,46,4,48,7,9,39,45,47,17,21,22,69,70,71,72,73,74,69,70,71,69,70,69,79,99,112,157,187,381,382,383,383,385,386,387,387,388,485,486,598,599,598,600,737,738,739,756,897,898,901,991,992,996,1040,1048,1212,1234,1371,1372,1375,1376,1377,1378,1378,1379,1380,1383,1385,1409,1412,1413,1416,1419,1420,1420
h124,h13,1223,1223,43,44,45,46,47,48,49,66,67,68,69,70,57,58,59,90,110,111,112,113,114,115,110,111,112,110,111,120,121,219,220,221,217,218,255,259,505,506,505,506,507,508,509,512,515,514,517,518,831,831,832,952,953,955,972,971,1169,1207,1209,1213,1214,1571,1572,1573,1693,1695,1747,1751,1804,1809,1977,2205,2211,2213,2215,2218,2221,2223,2247,2251,2469,2471,2523,2528,2530,2533,2532,2533,2536,3844,3850,3851,3853,4473,4474,4475,4478,4480,4481,4478,4479,4480,4483,4485,5286,5287,5290,5291,5297,5298,5299,5302
h39,h14,1199,1199,115,116,117,118,137,138,409,410,409,410,411,412,418,419,503,504,505,506,507,507,508,509,618,707,712,713,714,714,857,934,938,940,942,942,985,986,1049,1053,1049,1240,1320,1321,1324,1325,1322,1323,1324,1490,1492,1494,1492,1492,1496,1500,1925,1932,1930,2172,2177,2178,2179,2199,2200,2241,2246,2247,2249,2300,2560,2565,2564,2564,2565,2566,2745,2751,2795,2969,2970,2968,2980,2981,2983,3384,3385,3389,3571,3575,3829,3828,3831,3836,3832,3836
h143,h21,1239,1239,17,18,19,21,22,25,26,27,29,30,31,32,40,42,44,2,4,9,10,11,12,16,24,20,0,1,3,5,6,7,8,13,14,15,3,4,5,6,8,9,13,14,15,16,17,40,41,42,43,126,128,132,133,194,190,192,222,223,224,306,406,429,499,501,500,508,541,544,664,667,668,686,689,692,691,692,798,799,799,799,800,802,803,890,1273,1274,1529,1529,1681,1683,2181,2523,2528,2526,2674
h13,h24,1231,1231,43,44
h23,h29,1174,1174,241,241,242,243,244,254,846,848,853,854,852,853,852,853,854,882,884,884,885
h129,h14,1238,1238,8,9,11,62,141,141,142,143,144,180,188,185,186,187,196,304,311,312,352,353,354,499,522,652,655,906,1067,1155,1168,1182,1183,1395,1396,1397,1397,1397,1398,1401,1403,1406,1427,1682,1683,1684,1685,1919,1920,1921,1946,2058,2301,2302,2304,2304,2309,2310,2867,2868,2869,2870,2876,2879,3310,3311,3313,3753,3754,3755,3756,3758,3764,3773,4221,4223,4222,4223,4225,4226,4228
h113,h17,1236,1236,74,75,76,77,78,79,80,81,82,83,84,85,86,87
h128,h18,1233,1233,23,24,25,26,27,28,33,35,24,25,26,27,28,29,30,31,32,34,36,37,38,38,33,36,39,40,55,58,59,60,61,105,106,107,161,163,161,219,221,223,317,315,319,319,320,321,410,413,481,482,486,487,488,485,485,486,487,488,487,491,492,694,701,706,730,728,729,731,732,730,731,731,941,947,1126,1218,1221,1222,1219,1220,1221,1222,1224,1225,1293,1472,1476,1474,1764,2061,2062,2113,2147,2150,2152,2416,2416,2417,2418,2676,2677,2678,2679,2680,2720,2722,3000,2999,3003,3562,4269
h76,h24,1245,1245,38,153,154,155,156,157,158,159,160,161,162,163,164,165,166,247,248,247,248,249,250,251,285,286,287,288,391,393,394,396,473,481,482,483,483,505,506,507,508,509,522,527,528,529,530,531,543,544,543,552,554,555,556,586,587,590,591,610,815,819,820,822,823,824,964,965,967,968,1141,1143,1144,1145,1146,1147,1228,1234,1235,1237,1233,1234,1613,1615,1648,1649,1650,1658,1659,2045,2050,2095,2842,2843,2844,2846,2847,2850,2852,2854,2852,2853,2854,3118,3119,3120,3538,3918,3919,3921,4107,4110,4380,4381,4382,4383,5219,5220,5221,5222,5233,5234,5225,5226,5227,5229,5676,5679,5863
h29,h21,1241,1241,53,54,55,56,57,58,59,60,61
h125,h14,1253,1253,40,43,47,48,50,52,54,75,103,104,107,106,167,168,169,171,167,170,220,221,222,313,310,312,310,311,315,479,483,482,485,488,538,537,569,593,598,610,620,874,953,1209,1212,1213,1211,1212,1213,1457,1458,1459,1602,1876,1874,1895,1895,1896,1896,1904,1904,1905,2176,2182,2823,2824,2835,2833,2829,2828,2833,2832,2833,3012,3014,3017,3018,3181,3179,3180,3185
h129,h7,1256,1256,23,21,22,24,25,27,28,29,30,65,67
h111,h3,1257,1257,1,5,0,2,3,4,21,22,23,24,25,27,28,29,30,40,41,42,43,44,45,46,47,48,49,130,131,132,133,366,367,379,378,507,508,509,532,533,534,535,536,537,535,634,635,660,659,663,664,664,663,874,874,875,879,880,883,884,884,885,1184,1231
h9,h25,1270,1270,1,3,4,5,6,9,10,12,15,16,17,22,23,26,28,29,30,31,32,35,36,37,38,39,41,45,46,0,2,7,8,11,13,14,18,19,20,21,24,25,27,33,34,40,42,43,44,47,48,49,19,20,21,23,24,15,16,17,18,22,89,100,101,102,103,104,102,175,177,174,176,175,266,268,269,272,273,268,271,270,268,269,404,405,412,405,408,409,408,409,411,412,636,638,639,693,699,700,698,695,697,694,696,696,699,697,698,722,812,905,978,979,984,977,982,983,986,990,991,991,992,1012,1015,1013,1014,1016,1014,1215,1216,1217,1313,1317,1316,1318,1320,1317,1319,1392,1538,1544,1545,1543,1599,1600,1605,1607,1606,1607,1606
h26,h15,1196,1196,228,229,230,231,436,438,435,437,439,440,439,497,498,503,496,505,509,510,514,543,544,545,783,784,798,799,808,829,831,832,954,954,955,956,1094,1194,1477,1563,1565,1566,1564,1565,1564,1592,1594,1593,1592,1780,1784,1785,2287,2285,2286,2293,2294,2295,2299,2297,2301,2689,2692,2693,2693,2692
h24,h14,729,729,301,302,296,297,298,299,300,336,337,350,353,350,351,352,351,471,472,473,475,468,469,470,474,469,468,472,470,471,475,477,647,646,732,733,734,802,803,804,805,805,806,807,808,994,997,998,1069,1070,1120,1287,1291,1292,1289,1290
h47,h14,1273,1273,35,36,25,26,27,28,29,30,31,33,34,37,38
h25,h12,1278,1278,27,20,26,31,30,31,32,33,34,35,36,30,31,48,49,50,48,49,78,79,80,77,76,100,98,99,137,165,276,277,279,280,279,282,280,281,285,286,312,334,331,332,335,501,515,516,647,648,651,652,654,658,706,814,1004
h62,h15,1280,1280,38
h2,h4,1219,1219,240,241,499,500,501,695,696,697,705,797,798,948,949,950,951,952,953,955,956,957,1180,1207,1211,1212,1213,1577,1578,1579,1583,1584,1582,1583,1585,1585,1586
h13,h16,1259,1259,166,170,171,172,804,805,806,807,808,809,804,805,806,804,805,884,885,886,1058,1059,1060,1061,1062,1063,1064,1065,1066,1067,1058,1059,1060,1105,1108,1107,1119,1120,1158,1188,1236,1279,1280,1378
h84,h3,1285,1285,27,24,25,26,28,29,30,36,37,38,39,40,41,42,45,46,28,29,105,111,109,107,110,150,232,233,235,235,235,236,237,236,264,270,272,273,272,273,274,466,473,474,477,732,733,731,734,767,768,938,939,943,942,1352,1354,1351,1353,1362,1364,1364,1365,1397,1556,2456,2869,2870,2878,2998,3685
h88,h23,1155,1155,529,530,531,532,533,534,535
h80,h32,1286,1286,60,62
h46,h21,1290,1290,46,47,48,49,671,672,673,674,675,676,677,678
h49,h25,1287,1287,53,56
h114,h2,1291,1291,67,62,63,64,65,66,68,70,71
h124,h2,1296,1296,46,47,48,49
h15,h19,1301,1301,41,35,39,40,48,49,50,38,39,35,36,37,106,107,108,109,110,111,156,157,158,159,160,161,162,163,164,186,187,188,189,240,241,242,243,458,457,767,769,774,1048,1050,1053,1056,1051,1277,1281,1282,1283
h54,h11,1293,1293,145,155,157,158,159,143,144,152,153,154,156,163
h55,h18,1300,1300,13,17,21,22,24,25,27,28,33,39,44,45,48,0,1,2,3,4,5,6,7,8,9,10,11,12,14,15,16,18,19,20,23,26,29,30,31,32,34,35,36,37,38,40,41,42,43,46,47,49,3,5,6,8,9,16,17,18,19,20,21,22,23,24,12,7,92,93,147,148,153,184,227,225,226,234,235,236,237,238,257,344,345,342,343,345,346,347,347,345,346,348,349,433,432,435,435,561,562,564,563,572,628,627,629,904,905,903,906,909,908,909,908,911,912,913,1104,1106,1103,1107,1191,1193,1214,1215,1217,1216,1219,1220,1216,1217,1241,1242,1243,1244
h132,h31,1306,1306,124,125,126,127
h62,h13,1322,1322,39,46,51,37,38,45,50,52,157,158,159,157,158,261,260,262,263,264,280,281,282,285,286,287,299,300,302,304,303,305,306,307,309,309,506,554,556,556,556,716,717,804,805,806,807,808,809,810,811,810,811,814,816,810,811
h5,h32,1303,1303,118,119,120,127,118,119,120,121,122,123,131,133,150,155,156,157,184,185,186,187,185,185,195,243,244,321,367,665,670,671,701,703,754,757,758,819,1008,1009,1010,1011,1008,1014,1043,1044,1046
h72,h9,1331,1331,134,138,140,145,147,148,131,132,133,135,136,137,139,142,143,144,146,150
h51,h3,1334,1334,48,49,4,5,6,7,8,9,10,11,12,13,14,15,16,17,18,19,20,21,22,23,24,25,26,27,28,29,30,31,32,33,34,35,36,37,38,39,40,41,42,43,44,45,46,47,4,5,6,7,8,7,8,9,11,12,13,8,9,10,20,21,29,30,31,32,29,30,50,48,49,51,52,82,176,218,218,222,247,249,247,248,285,323,325,445,458,715,824,920,921,923,921,924,930,932,929,931,1066,1329,1429,1551,1675,1676,1679,1695,1696,1718,1900,1902,1921,2237,2305,2359,2418,2424,2422,2427,2448,2449,2800,2795,2796
h65,h21,1344,1344,27,28,29,30,31,32,33,34,35,39,42,43,46,49,20,21,22,23,25,26,36,37,38,40,41,44,45,47,48,13,14,15,16,18,14,15,16,17,18,19,20,21,22,23,24,25,20,21,22,24,25,26,27,83,84,85,86,87,125,126,127,125,126,127,128,133,221,457,458,457,470,489,653,656,700,704,700,701,711,713,715,739,745,740,962,964,965,968,966,969,970,973,976,977,1274,1275,1279,1280,1281,1294,1471,1472,1478,1666,1667,1670,1674,1675,1676,1851
h90,h4,1346,1346,22,23,24,25,26,27,28,29,30,31,33,37,44,45,46,47,48,49,13,14,15,16,17,18,19,20,21,32,34,35,36,38,39,40,41,42,43,55,54,56,54,55,56,57,54,55,77,136,137,138,159,160,161,162,163,164,165,159,160,333,371,701,735,736,743,745,841,1087,1088,1281,1282,1283,1647,1767,1873,4343
h121,h30,1354,1354,0,1,2,3,4,6,7,9,11,12,15,24,35,37,38,40,41,43,44,45,47,49,5,8,10,19,20,21,22,23,25,26,27,28,29,30,31,32,33,34,36,39,42,46,48,78,79,90,84,110,114,115,116,210,237,238,240,237,238,239,258,276,318,325,329,406,405,407,439,499,637,641,635,636,643,644,643,646,647,642,648,645,646,645,646,647,650,666,943,984,985,987,988,986,990,994,993,1143,1147,1147,1158,1223,1228,1229,1231,1227,1230,1232,1719,1721,1722,1723,1725,1727,1717,1718,1720,1724,1726,1721,1722,1723,1718,1719,1720,1725,1732,1731,1732,1793,1798,1795,1794,1796,1794,1795,1796,1801,1802,2374,2377,2379,2373,2378,2380,2386,2385,2390,2389,2710,2711,2714,2714,2715,2716,2964,2968,2967,3003,3008,3007,3018,3221,3229,3228,3503,3502,3506,3507,3510,3512
h70,h10,1341,1341,39,41,34,38,40,90,91,95,218,218,219,316,322,323,324,321,322,323,423,424,425,426,427,428,429,430,431,436,437,438,439,511,512,733,734,968,969,1001,1003,1050,1489,1644,1683,1688,1689,1694,2838,2843,2844,3319,3322,4618,5397,6901,6994,6995,7752,7753,7756,7757
h144,h31,1356,1356,14,22,10,11,12,13,15,16,17,18,19,20,21,36,37,38,39,40,41,42,43,44,146,147,148,148,149,150,148,149,211,212,213,214,215,216,217,218,219,240,241,242,243,244,245,251,252,258,302,303,304,305,306,402,456,648,646,679,731,732,819,985,987,988,990,991,992,1520,1519,1773,1984,2082,2635,2786,2786,2787,2788,3004,3005,3008,3204,3206,3305,3534,3584,3585,5730,6867
h19,h5,1315,1315,178,252,268,269,342,343,388,389,390,392,388,400,401,400,401,411,412,413,412,413,412,413,758,798,799,803,806,807,860,1140,1143,1144,1385,1386,1387,1770,1772,1773,1774,1775,1770,1773,1774,2137,2138,2142,2309,2678,2679,2681,2682,2685,2686,2849,3061,3216,3217,3218,3219,3223,3222,3377,3378,3465,3468,3469,3470,3473,3970,3976,4075,4079,4228,4229,4232,4393
h42,h31,1324,1324,131,132,133,134,135,136,259,260,261,262,263,264,271,272,273,274,275,299,301,302,303,304,305,306,329,330,331,332,333,334,335,336,354,356,358,359,379,383,417,418,419,421,419,420,686,690,744,745,747
h54,h6,1367,1367,14,17,22,23,25,29,33,34,12,13,15,16,19,20,21,24,26,30,133,134,135,136,137,138,139,208,209,210
h33,h1,1364,1364,9,10,11,25,27,28,140,351,352,353,354,355,356,357,358,356,372,373,374,375,376,388,388,388,447,448,705,717,718,719,1084,1475,1494,1500,2131,2305,2307,2309,2310,2661,2663,2686,2874,3464,3469,3507,4366,5568,5571,5667
h42,h12,1360,1360,19,20,21,30,31,32,33,79,80,85,93,94,96,97,97,113,114,115,110,111,112,134,136,134,135,154,158,159,159,175,176,175,176,294,298,300,302,307,413,489,493,539,543,544,668,707,707,797,822,900,902,1139,1140,1141,1147,1362,1426,1428,1673,1678,1678,1699,1704,1706,1815,1992,1993,2000,2204,2205,2208,2590,2932,2934,2953,3034,3029,3035
h8,h6,1304,1304,450,453,455,456,457,467,468,469
h85,h28,1363,1363,13,14,19,20,26,27,28,44,45,46,47,48,49,22,23,24,25,35,36,141,142,143,134,135,136,137,138,139,140,144,171,168,169,170,172,176,177,182,183,181,203,204,379,378,426,579,608,612,614,615,616,617,795,797,972,1090,1133,1132,1136,1137,1138,1145,1146,1147,1148,1147,1212,1211,1217,1218,1215,1221,1252,1254,1253,1255,1469,1472,1473,1474,1476,1543,1545,1546,1774,1767,1772,1771,1788,1871,1874,1874,2157,2164,2165,2166,2164,2168,2294,2882,2918,3349,3357,3362,3360,3361
h85,h25,1308,1308,180,181,182,236,237,238,239,240,241,246,247,250,248,256,257,312,313,314,315,316,317,318,325,334,335,336,334,335,345,345,356,357,382,385,520,524,527,527,528,560,561,566,565,566,723,807,832,857,858,867,1089,1093,1242,1522,1531,1532,1526,1527,1527,1531,1534,1533
h60,h6,1374,1374,16,22,23,24,30,33,35,36,37,38,39,40,41,45,46,47,48,49,7,8,9,10,11,12,13,14,15,17,18,19,20,21,25,26,27,28,29,31,32,34,42,43,44,311,312,313,314,315,316,317,318,319,322,323,324,325,326,324,325,376,369,370,371,373,374,375,377,378,373,369,370,371,372,387,388,745,1017,1018,1020,1022,1075,1100,1170,1190,1191,1408,1415,1725,1726,1730,1731,1732,1859,1867,1868,1871,1872
h112,h21,1378,1378,26,27,28,29,30,31,32,33,34,35,36,37,38,39,40,41,42,43,44,45,46,47,48,49,22,23,24,25,14,15,16,17,18,19,20,21,18,19,21,25,26,14,15,16,17,20,22,23,24,64,65,66,67,64,65,71,193,187,188,189,190,191,192,256,371,399,590,709,1028,1044,1070,1075,1076,1228,1231,1228,1229,1230,1232,1515,1518,1519,1515,1666,1728,1842,1903,1904,2155,2156,2160,2395,2401,2546,2645,2689
h130,h32,1380,1380,25,32,0,1,2,3,4,5,6,7,8,9,10,11,12,13,14,15,16,17,18,19,20,21,22,23,24,26,27,28,29,30,31,33,35,37,38,41,0,1,2,3,4,5,6,7,8,9,10,11,5,12,13,13,28,29,30,31,32,71,149,150,151,211,216,216,218,218,219,220,222,222,223,359,403,406,452,456,556,814,850,954,958,1052,1194,1196,1197,1197,1198,1204,1205,1214,1285
h102,h32,1379,1379,37,38,39,40,41,42,43,44,45,47,48
h60,h12,1387,1387,18,19,20,21,22,23,24,26,29,32,35,37,41,43,44,45,46,47,48,49,16,17,25,27,28,30,46,47,48,49,78,79,81,82,79,80,79,82,83,84,82,83,132,137,139,139,146,146,147,148,161,223,224,231,230,232,233,484,485,488,662,665,670,672,855,854,864,869,868,1156,1193,1406,1405
h61,h17,1385,1385,45,46,10,11,12,13,14,15,16,17,18,19,20,21,22,23,24,25,26,27,28,29,30,31,32,33,34,35,36,37,38,39,40,41,42,43,44,47,48,49,41,39,40,42,56,55,57,58,59,275,277,280,275,276,277,278,351,352,353,354,356,357,358,359,360,582,574,579,580,581,583,578,576,577,578,576,577,583,582,661,663,666,667,725,843,1033,1034,1036,1039,1039,1059,1060,1059,1061,1091,1377,1376,1404,1405,1403,1408,1408,1633,1747,1749,2001,2005,2173,2179
h33,h7,1389,1389,41,42,43,44,46,79,82,83,568
h67,h26,1396,1396,16,17,18,20,22,11,13,15,38,39,40,19,21,36,37,19,20,22,24,16,17,18,21,23,25,19,46,48,46,47,46,46,77,81,78,83,197,203,205,197,198,206,208,239,258,258,276,277,281,299,362,493,494,565,566,567,568,569,738,738,739,740,772,773,772,791,991,992,994,995,1208,1215,1216,1217,1217
h133,h12,1397,1397,35,36,37,38,39,40,41,49,44,45,46,47,48,46,47,48,49,50,51,52,53,53,58,59,60,61,58,59,59,60,68,118,115,117,119,117,118,118,117,120,122,339,340,392,436,438,787,786,788,795,794,798,799,788,786,787,791,792,883,886,885,950,951,1065,1067,1071,1070,1081,1099,1344,1345,1556
h17,h2,1326,1326,223,224,225,226,227,228,258,259,260,261,262,263,264,258,259,300,301,302,303,304,305,303,304,305,306,307,308,309,461,466,468,469,642,649,674,724,725,812,843,844,844,845,846,1060,1061,1492,1493,1536,1537,1538,1539,1540,1541,1542,1543,1616,1619,1619,1621,1622,1758,1759,1760,1762,1764,1907,2091,2091,2442,2443,2443,2444,2479,2479,2481,2482,2483,2483,2484,2485,2791,2792,2913,2914,3457,3459,3461,3678,3678,3680
h56,h10,1408,1408,24,25,26,27,28,29,30,32,34,35,36,37,38,39,40,19,20,21,22,23,31,33,41,32,152,148,149,150,151,148,149,150,151,176,177,178,179,175,256,266,275,275,276,795,983,1113,1114,1117,1228
h31,h18,1375,1375,1,2,3,4,5,6,7,8,9,10,11,12,13,14,15,16,17,18,19,20,21,22,23,24,25,26,27,28,29,30,31,32,33,34,35,36,37,38,39,40,41,42,43,44,45,46,47,48,49,583,584,589,584,585,586,605,606,607,605,606,607,606,608,609,610,619,719,720,722,728,730,941,947,948,949,950,952,952,957,960,961,1053,1053,1054,1055,1058,1059,1060,1061,1066,1067,1075,1075,1076,1077,1089,1090,1091,1092,1116,1163,1170,1522,1524,1758,2021,2024,2027,2028,2029,2036,2354,2547,2550,3071,3078,3077,3078,3094,3099,3100,3105,3108,3114,3115,3203,3212,3631,3640,3721,3723,3729,3997,4973,4974,4975,4976,4977,4978,4979,4989,4990,5374,5381,5841,5843,5851,5866,6667,7025
h55,h8,1414,1414,26,27,28,29,30,31,32,33,34,35,36,37,38,39,40,41,42,43,44,45,46,47,48,49,17,18,25,91,92,205,206,207,208,209,219,216,218,249,353,360,358,356,357,392,412,411,473,474,476,477,478,479,481,483,482,510,573,578,657,661,658,660,658,659,660,671,846,848,849,851,907,907,909,910,915,1108,1112,1110,1109,1308,1310,1307,1422,1533,1534,1535,1536,1544,1545,1546,1547,1880,2297,2291,2300,2305,2309,2903,2900,2901,3372,3374,3372,3373,3379,3384,3655,3662,4036,4039,4042,4037,4038,4040,4041,4089,4435,4790,4792,4800
h144,h12,1411,1411,32,125,127,128,129,130,131,132,133,213,214,215,216,217,218,219,220,221,213,214,215,213,214,229,230,231,232,231,232,233,460,472,473,475,484,488,487,565,566,569,812,813,812,813,959,960,977,982,981,985,1008,1040,1041,1176,1174,1175,1187
h102,h19,1325,1325,28,29,30,31,32,33,34,35,36,37,38,39,40,41,42,43,44,45,46,47,48,49,50,51,52,53,54,55,56,57,58,59,60,61,62,63,64,65,130,131,132,133,134,135,136,130,131,132,133,134,135,136,137,130,131,132,133,149,149,150,151,154,155,156,157,227,228,433,434,539,534,535,537,535,538,535,536,668,670,671,672,669,670,669,676,714,1134,1150,1151,1153,1155,1252,1263,1273,1412,1702,1704
h69,h13,1412,1412,22,29,35,43,47,17,19,21,24,25,26,27,28,30,32,34,36,37,40,41,42,44,45,46,48,49,15,16,18,20,23,31,33,38,28,29,30,31,32,33,34,35,36,37,28,29,30,31,51,52,48,49,50,49,50,49,298,299,300,295,296,297,334,337,569,777,779,904,905,906,907,1070,1071,1199,1204,1201,1202,1216,1419,1422,1425,1424,1425,1482,1482,1483,1484,1485,1485,1486,1487,1485,1486,1488,1489,1490,1744,1745,1802,1846,1938,1939,1940,2311,2312,2315,2318
h2,h17,1439,1439,33,40,46,5,6,7,8,9,10,11,12,13,14,15,16,17,18,19,20,21,22,23,24,25,26,27,28,29,30,31,32,34,35,36,37,38,39,41,42,43,44,45,47,48,49,5,6,7,8,9,10,11,12,13,14,15,16,17,52,53,54,55,57,62,63,64,65,73,75,76,77,202,203,204,205,208,209,209,211,322,326,400,401,401,402,402,616,617,645,646,647,646,647,647,838,839,841,844,987,991,994,1055,1056,1325,1327,1328,1352,1353,1353,1357,1375,1404,1404,1598,1693,1751,1748,1750,1748,1749,1750,1973,1974
h79,h30,1443,1443,5,10,13,16,17,18,20,24,25,9,26,27,28,29,30,34,35,37,38,36,21,22,20,23,32,83,84,88,87,177,180,193,194,195,196,199,201,206,207,207,208,472,470,471,475,480,479,474,471,473,477,476,638,643,641,802,806,808,807,856,857,855,857,1201,1202,1209,1210,1211,1213,1214,1204,1205,1206,1207,1203,1227,1225
h67,h11,1436,1436,74,75,76,77,78,79,80,81,82,83,84,85,86,87,88,89,90,91,92,93,94,630,632,634,642,629,631,633,635,636,639,641
h119,h12,1438,1438,33,34,35,36,37,38,39,40,41,42,43,44,45,46,47,48,49,50,51,52,53,151,152
h87,h22,1441,1441,5,6,7,8,9,10,11,12,79,77,78,118,189,186,187,188,233,239,240,241,244,245,246,478,554,569,647,648,683,684,761,806,810,1318,1320,1321,1322,1323,1330,1639,1685,1724,1727,1727,1728,1733,1731,1731,1977,1982,2432,2433,2434,2779,3172,3180,3179,3291,3297,3298
h70,h11,1427,1427,12,13,14,15,16,17,18,19,20,21,22,23,24,25,26,27,28,29,30,5,6,7,8,10,11,31,36,14,15,16,17,18,19,20,21,22,15,16,17,18,46,42,43,44,45,47,48,46,47,48,49,49,50,53,70,71,105,107,133,135,136,193,194,195,193,264,270,268,305,325,364,366,365,366,398,399,561,562,563,564,568,570,571,572,572,681,682,681,683,715,785,786,821,822,1279,1280,1281,1282,1283,1284,1284,1284,1286,1285,1290,1439,1440,2091,2096,2093,2094,2099,2371,2376,2377,2378,2374,2375,2920
h51,h3,1440,1440,69,57,58,59,60,61,62,63,64,65,66,67,68,70,71
h22,h30,1435,1435,6,17,18,19,20,22,23,29,30,31,32,21,22,37,38,116,117,121,123,124,123,124,123,124,200,206,245,246,251,259,260,261,261,764,769,768,769,772,775,779,783,786,789,792,796,796,797,797,798,799,819,826,827,828,829,830,873,876,877,889,893,1113,1126,1711,1799,1800,1801,1801,1802,1803,1804,1805,1807,1808,1809,2326,2329,2330,2331,2339,2340,2341,2447,2873,2874,2875,2881,2881,2882,2883,2886,2887,2893,2894,2897,3253,3258,3258,3259,3264,3270,3586,4719,4720,5379,5726
h115,h1,1398,1398,376,377,384,386,387,420,419,421,422,433,434,435,496,497,498,499,500,501,502,500,501,539,582,586,587,592,841,846,1151,1159,1163,1164,1163,1164,1682,1681,1683,1684,1685,1686,1687,1687,1689,1688,1687,1689,1688,1701,1704,1707,2072,2075,2078,2177,2178,2328,2329,2330,2356,2578,2616,2634,2745,2744,2747,2796,2797,2871,2875,2950
h56,h14,1445,1445,31,32,33,34,35,36,37,39,43,21,22,23,24,26,27,28,29,30,41,42,44,49,51,52,51,52,52,99,98,100,127,128,125,126,130,158,292,296,296,300,566,569,568,569,577,578
h20,h14,1446,1446,44,45,46
h133,h21,1452,1452,44
h1,h6,1450,1450,17,18,19,20,21,22,23,24,25,26,27,28,29,30,31,32,33,34,35,36,37,38,17,18,19,20,21,22,23,24,25,103,281,289,281,282,283,284,285,286,287,282,282,283,323,361,362,363,362,363,364,362,363,376,379,416,421,877,1003,1005,1008,1010,1388,1574,1576,1577,1580,1583,1912,1919,1920,2513,2514,2516
h119,h22,1426,1426,164
h109,h27,1463,1463,13,18,20,11,12,31,17,34,35,45,33,36,44,27,28,29,281,283,281,282,283,284,285,282,283,384,389,390,392,392,392,571,574,571,572,576,579,577,578,579,580,578,582,581,581,582,584,585,586,596,788,786,853,859,860,862,893,898,900,909,931,1047,1053,1052,1085,1092,1091,1088,1094,1095,1096,1364,1363
h72,h24,1465,1465,8,13,41,46,0,1,2,3,4,5,6,7,9,10,11,12,14,15,16,17,18,19,20,21,22,23,24,25,26,27,28,29,30,31,32,33,34,35,36,37,38,39,40,42,43,44,45,47,48,49,15,16,17,18,19,20,21,22,0,1,2,3,4,5,6,7,8,9,10,11,12,1,2,3,4,66,67,68,69,70,108,109,109,110,136,333,334,343,396,397,398,399,400,401,429,572,749,835,839,977,978,1046,1048,1046,1048,1199,1200,1204,1225,1227,1228,1229,1228,1428,1456,1458,1459,1464,1470,1510,1940,1939,1942,2136,2486,2484,2485,2487,2489,2488,2630,2630,3096,3097,3098,3099,3103,3106,3107,3649,3645,3651,3686,3702,3706,3842,3843
h70,h21,1425,1425,73,74,90,91,92,93,94,95,109,110,111,112,113,114,148,149,170,171,172,173,174,189,275,285,404,416,624,630,631,632,650,796,840,842,848,844,891,891,892,895,1142,1145,1149,1146,1147,1147,1151,1257,1258,1273,1352,1355,1354,1368,1369,1370,1819,1820,2044
h105,h26,1462,1462,4,5,6,7,8,9,10,11,14,15,16,17,18,19,20,21,22,23,24,25,27,28,29,30,31,32,33,34,35,36,37,38,39,40,41,42,43,44,45,46,47,48,49,12,14,15,18,19,20,22,23,17,17,18,130,137,183,187,235,241,344,347,348,367,368,372,397,398,424,427,428,445,697,698,827,828,844,846,1180,1181,1182,1183,1222,1223,1434,1441,1478,1482,1483,1484,1485,1486,1490,1490,1491,1494,1831,1923,1924,2273,2280,2281,2311,2606,2607,2776,2799
h89,h28,1230,1230,380,381,555,554,575,577,578,615,616,614,652,1059,1060,1061,1062,1069,1117,1118,1285,1287,1317,1318,1319,1318,1539,1541,1546,1631,1984,1985,1987,1990,2256,2257,2258,2284,2290,2291,2292,2371,2467,2469,2470,2471,3040,3163,3471,3477,3535,3536,3537,3541,3950,3953,4440,4849,5370,6038,6626,6628,6633
h100,h23,1469,1469,24,25,26,36,37,38,39,40,42,44,35,46,51,309,310,312,441,647,656,653,655,659,658,660,792,813,811,812,814,1077,1074,1075,1076,1077,1078,1079,1082,1227,1481,1487,1489,1488,1490,1489,1863,1865,1866,1868,1867,1923,1924,1930,1933,1934,1947,1949,1950
h24,h18,1477,1477,3,4,5,6,9,10,15,16,19,21,22,25,29,30,112,113,114,160,161,162,266,267,268,269,273,614,624,620,621,622,757,762,763,764,903,906,907,910,910,911,912,913,917,920,921,927,935,1063,1132,1148,1367,1800,1860,1863,1865,1866,1864,1865,1866,1867,1868,1881,1920,2390,2392,2394,2395,2397,2398
h137,h6,1433,1433,261,262,260,322,324,322
h79,h31,1474,1474,36,37,41,42,30,31,32,33,34,35,38,39,40,136,129,131,132,133,134,135,137,134,132,133,135,149,150,151,152,153,155,156,169,170,171,192,193,194,195,209,210,211,212,417,418,566,728,788,959,3296,3295,4228,4588,4967,5298,5889,6658,7399
h39,h4,1459,1459,72,196,197,198,199,200,287,286,443,444,445,447,446,448,450,460,461,457,458,459,462,462,463,464,570,605,608,608,671,673,671,672,673,960,961,1235,1236,1309,1309,1310,1317,1557,1557
h68,h31,1490,1490,0,2,3,4,6,8,9,10,11,12,15,16,17,18,20,21,22,24,27,29,31,32,34,35,1,5,7,13,14,19,28,30,159,160,161,162,163,164,165,166,164,162,163,165,201,202,203,204,205,206,208,209,210,214,215,268,269,270,291,294,291,292,430,668,667,2213,5458,6485
h30,h32,1448,1448,2,3,4,5,6,7,8,9,10,11,12,13,14,15,16,17,18,19,20,21,22,23,24,25,26,27,28,29,30,31,32,33,34,35,36,37,38,39,40,41,42,43,44,45,46,47,48,49,8,9,10,11,12,19,20,42,75,76,79,80,81,82,93,94,95,96,98,99,102,105,108,110,111,114,491,492,493,495,497,498,499,499,506,507,506,507,508,527,528,532,533,535,537,538,545,549,552,1054,1055,1276,1289,1325,1376,1386,1387,1391,1392,1405,1408,1433,1434,1438,1780,1781,1782,1844,1848,1851,1852,1852,1853,1861,1862,1863,1871,1872,1935,1936,1937,1941,1942,1943,1949,1950,1953,1954,1955,2283,2287,2289,2289,2729,2830,2836,2837,2840,2842,2842,2844,2849,2857,2858,2859,2860,3261,3262,3263
h105,h24,1499,1499,34,35,36,37,38,93,94,343,344,345,346,347,348,349,350,351,352
h22,h24,1361,1361,506,507,511
h120,h8,1511,1511,7,8,9,10,11,12,13,14,15,16,17,18,19,20,21,22,23,24,25,26,27,28,29,30,31,32,33,34,35,36,37,38,39,40,41,42,43,44,45,46,47,48,49,6,48,55,56,57,58,48,49,50,51,52,53,62,64,65,67,68,70,71,75,76,77,78,79,78,214,213,215,349,348,349,350,546,550,552,641,645,646,669,668,671,672,687,688,726,727,851,857,896,897,898,901,939,941,1186,1195,1283,1284,1286,1544,1545,1548,1544,1545,1547,1754,1756,1757,1758,1762,1762,1763,1765,1766
h80,h16,1512,1512,3,6,13,31,0,1,2,4,5,11,12,16,17,19,20,21,22,23,24,25,27,28,29,30,32,33,45,46,47,48,49,214,215,220,216,217,218,221,233,238
h116,h16,1473,1473,210,211,212,213,333,339,334,335,338,340,342,341,342,403,401,402
h97,h7,1515,1515,8,4,5,6,7,12,13,28,18,19,20
h6,h7,1492,1492,218,221
h45,h27,1479,1479,110,110,111,112,113,116,117,118,119,117,139,143,138,140,142,180,181,272,273,274,301,299,325,370,371,601,603,604,606,605,676,677,680,681,803,804,824,992,1225,1227,1228,1328,1529,1674,1675,1774,1775,1776,1777,1939,1940,1963,1971,2053,2379,2380,2483
h58,h14,1521,1521,33,30,31,32,36,138,136,137,234,247,249,250,251,253,309,310,381,591,592,593,593,593,594,700,798,803,804,805,960,1081,1153,1368,1369,1486
h116,h11,1528,1528,16,17,18,19,20,21,22,23,24,25,26,27,28,29,30,31,32,33,34,35,36,37,38,39,40,41,116,117,474,460,461,462,463,464,465,466,467,468,469,470,471,472,473
h94,h2,1487,1487,238,239,240,241,242,243,244,245,309,310
h2,h26,1466,1466,0,1,2,3,4,5,6,7,8,9,10,11,12,13,14,15,16,17,18,19,20,21,22,23,24,25,26,27,28,29,30,31,32,33,34,35,36,37,38,39,40,41,42,43,44,45,46,47,48,49,4,14,17,20,23,13,16,18,19,21,22,9,10,11,13,14,43,44,45,46,43,44,75,78,157,157,158,229,228,392,393,394,428,432,433,628,684,685,686,687,687,766,771,767,860,861,862,882,1202,1207,1205,1207,1208,1206,1206,1207,1489,1764,1765,1985,1986,1990,1993,1994,2035,2284,2291,2303,2586,2588,2589,2590,2944,3064,3316
h101,h20,1513,1513,124,126,123,125,128,132
h48,h20,1530,1530,38,39,41,43,44,45,54
h110,h4,1553,1553,20,21,28,39,13,15,16,17,18,19,22,26,27,36,37,38,151,150,224,229,304,303,604,657,663,746,747,772,773,780,779,780,779,781,910,912,914,1390,1388,1389,1393,1395,1396
h70,h13,1525,1525,155,415,416,417,418,419,420,421
h28,h23,1531,1531,0,1,2,3,4,5,6,7,8,9,10,11,12,13,14,15,16,17,18,19,20,21,22,23,24,25,26,27,28,29,30,31,32,33,34,35,36,37,38,39,40,41,42,43,44,45,46,47,48,49,201,202,209,206,207,208,439,440,441,467,1163,1173,1473,1481,1491,1777,1778,1779,1780,1781,1785,1791,1940,1941,2365,2366,2367,2368,2369,2372,2379,2380,2381,2384,2386,2387,2388,2392,2393,2395,2400,2402,2405,2406,2408,2427,2429,2509,2511,2587,2590,2591,2593,2595,2593,2594,2595,2867
h23,h13,1555,1555,34,43,44,45,51,45,46
h43,h9,1484,1484,130,131,132,133,134,135,142,143,144,145,146,241,249,247,248,288,292,290,291,419,420,422,420,420,446,447,449,448,447,448,448,449,450,450,451,453,455,456,457,565,564,656,693,694,692,694,692,693,777,780,946,952,951,952,976,1228,1234,1233,1234,1236,1237,1238,1301,1306
h72,h6,1556,1556,33,34,35,36,37,38,39,41,42,43,44,52,54,368,369,370,371,373,374,375,382,420
h30,h6,1558,1558,25,26,28,30,34,35,45,298,299,300,391,392
h45,h3,1475,1475,287,294,295,297,298,300,414,419,494,495,497,498,499,500,501,502,503,504,498,499,494,495,496,497,496,574,611,726,754,755,758,754,755,764,1149,1151,1160,1161,1152,1153,1154,1152,1153,1154,1995,1998,1996,1997,2002,2001,2441,2444,2445,2589,2825,2890,2891,2893,2895,2904,2958,3120,3121,3504,3510,3518,5204
h47,h13,1554,1554,37,0,1,2,3,4,5,6,7,8,9,10,11,12,13,14,15,16,17,18,19,20,21,22,23,24,25,35,36,39,40,41,0,1,2,3,4,5,6,7,8,9,10,11,12,13,14,15,16,17,18,19,20,21,22,23,24,9,10,5,6,7,8,11,12,13,14,13,27,28,29,54,56,104,191,324,401,402,403,404,406,407,408,410,409,410,409,410,485,527,528,529,753,755,755,758,793,794,797,798,985,1087,1094,1096,1097,1098,1098,1099,1098,1280,1282,1284,1285,1474,1475,1476,1477,1478,1480,1866,1867,1890
h42,h24,1573,1573,7,8,9,10,11,12,13,14,15,16,17,18,20,21,23,29,0,1,2,3,4,5,6,19,22,25,26,27,28,30,31,32,33,34,35,36,37,38,39,40,24,21,22,23,9,10,11,12,13,14,15,16,17,18,19,20,23,24,25,26,27,28,64,63,111,476,480,493,660,727,728,729,1139,1142,1300,1301,1399,1429,1455,1456,1497,1529,1654,1658,1846,1847,1850,1865,2046,2173,2174,2182
h17,h9,1546,1546,221,219,220,223,224,225,487,488,489,490,491,653,654,655,656,657,658,659
h81,h25,1571,1571,47,45,46,48,51,96,97,98,124,125,120,121,122,123,123,124,125,126,125,130,138,208,269,268,624,626,630,631,651,652,653,654,656,678,805,809,810,811,806,807,808,811,812,811,819,837,861,921,984,985,986,985,1011,1012,1061,1062,1064,1066,1245,1247,1294,1296,1299,1300,1297,1395,1455,1493,1494,1495
h106,h7,1581,1581,32,33,35,36,37,50,41,42,48,49,51,52,49,50,52,53,97,110,111,112,225,223,224,223,224,225,226,401,484,490,485,529,568,582,999,1000,1003,1003,1198,1215,1216,1217,1217,1219,1220,1221,1223,1230,1587,1591,1594,1588,1590,1591,1592,1589,1590,1588,1592,1593,1594,1811,1837,1856,1949,2247,2248,2247,2309,2610,2775,2776,2772,2774,2774,2775,2922,2923,2924,3072,3073,3072,3289,3426,3430,3611
h110,h23,1568,1568,156,138,139,141,143,144,145,149,150,151,152,153,154,155
h137,h23,1430,1430,210,211,212,213,214,215,213,211,212,211,212,250,251,249,252,354,419,421,619,830,1052,1056,1058,1295,1303,1344,1474,1836,1839,1845,1844,1847,1842,1841,1843,1842,1844,1902,1903,1907,1912,2342,2343,2344,2369,2476,2859
h133,h17,1508,1508,654,655,656,657,658,659,660,661,662,663,664,665,666,667
h95,h17,1529,1529,0,1,2,3,4,5,6,7,8,9,10,11,12,13,14,15,16,17,18,19,20,21,22,23,24,25,26,27,28,29,30,31,32,33,34,35,36,37,38,39,40,41,42,43,44,45,46,47,48,49,76,77,79,80,81,82,83,84,85,86,87,88,110,110,111,112,113,110,111,110,173,174,175,178,386,392,393,411,409,410,423,424,425,426,431,432,433,432,433,433,434,434,435,545,548,551,552,585,585,587,588,793,794,797,797,798,1088,1080,1081,1082,1083,1087,1150,1151,1234,1275,1320,1321,1323,1324,1320,1321,1322,1523,1524,1557,1576,1590,1641,1835,1835,1836,2075,2076,2082,2081,2406,2408,2407,2408,2409,2410,2610,2645,2648,2649,3012,3352,3353,3354,3355,3603,3772,3773,3774,3775,3776
h131,h19,1588,1588,36,37,38,39,40,17,41,42,43,45,35,46,33,44
h144,h19,1587,1587,37,38
h2,h19,1592,1592,9
h34,h21,1586,1586,61
h70,h8,1591,1591,19,38,44,5,6,7,8,9,10,11,12,13,14,15,16,17,18,20,21,22,23,24,25,26,27,28,29,30,31,32,33,34,35,36,37,39,40,41,42,43,16,14,15,17,31,32,33,57,66,67,68,88,89,90,91,92,94,92,93,131,132,209,209,274,276,274,365,363,364,505,506,511,518,520,593,594,684,685,685,712,758,915,1072,1074,1075,1072,1073,1185,1186,1187,1185,1187,1384,1387,1876,1885,1886,1879,1880,2047,2048,2169,2170,2492,2497,2498,2722,3210,3212,3214,3215,3617,3618,3617,3620
h99,h14,1594,1594,53,50,52,53,55,50,51,52,54,56,226,227,273,274,279,412,413,414,415,416,417,418,419,420,421,422,452,474,473,473,474,628,774,902,903,905,905,936,939,1037,1038,1039,1237,1242,1395,1588,1777,1778,1780,1783,1865,1866,1871,2125,2130,2164,2392,2393,2633,2854,2856,2858,2861,3535,3537,3538,3710,3711,3712,3713,3935,3938,4147,4147,4152,4346,4346,4347,4603,4611
h115,h8,1564,1564,200,201,202,203,204,205,206,207,398,399,400
h74,h15,1605,1605,11,12,13,27,28,29,104,120,120,121,122,136,230,280,282,408,414,428,431,432,432,434,518,521,520,1028,1342,1345
h140,h11,1622,1622,13,40,41,43,44,387,388,389
h97,h5,1522,1522,214,219,214,215,217,220,220,221,221,222,222,223,232,233,234,235,232,233,282,428,432,458,510,512,573,645,707,711,713,916,917,918,926,923,925,925,926,934,1174,1179,1180,1181,1182,1181,1182,1183,1184,1184,1185,1344,1345,1353,1354,1350,1440,1443,1571,1572,1572,1698,1698,1699,1700,1698,1700,1708,1794,1961,2141,2378,2387,2387,2388,2389,2714,2717,2715,2716,2717,3088
h71,h16,1610,1610,162,142,145,148,150,151,152,153,154,158,159,160,161,163,164,166,167,169,161,299,305,715,716,717,718,719
h127,h16,1628,1628,21,24,27,30,32,33,38,39,40,41,43,45,46,48,36,35,42
h27,h14,1625,1625,40,44,45,46,63,41,42,43,44,45,46,47,127,128,129,130,131,145,145,146,192,193,200,247,339,340,340,372,552,568,573,574,593,707,729,806,832,840,951,956,958,954,955,1096,1098
h83,h1,1569,1569,397,398,390,402,403
h144,h1,1630,1630,26,36,38,45,46,47,48,49,159,160,161,162,163
h32,h9,1631,1631,34,39,41,44,46,0,1,2,3,4,5,6,7,8,9,10,11,12,13,14,15,16,17,18,19,20,21,22,23,24,25,26,27,28,29,30,31,32,33,35,36,37,38,40,42,43,45,47,49,20,21,22,23,19,24,5,6,7,8,9,10,11,12,13,14,15,16,17,18,5,7,6,8,11,49,50,49,153,179,175,176,182,186,224,223,345,343,344,346,343,345,344,506,509,512,513,511,512,513,514,515,515,516,544,667,697,806,808,808,809,1121,1122,1123,1123,1121,1122,1207,1208,1211,1222,1337,1500,1505,1504,1505,1507,1606,1607,1610,1670,1671,1671,1670,1672,1674,1675,1676,1850,1851,1852,1854,2092,2091,2095,2096,2099,2410,2411,2599,2600,2601,2603,2606,2603,2605,2803,2804,2806,2803,3222,3223,3227,3228,3229,3224,3225,3417,3418
h32,h17,1641,1641,11,15,16,17,18,19,20,21,22,34,35,36,37,38,39,97,98,330,332,342,343,344,346,350,346,349,491,612,613,616,617,755,756,761,762,765,767,769,787,1263,1277,1360,1371,1375,1375,1376,1378,1379,1379,1380,1381,1383,1383,1388,1390,1391,1841,1842,1844,1847,1848,1849,1943,1944,1949,2467,2473,2479,2480,2515,2517,2522,2957,2962,3146,3147,3150,3153,3156,3259,3261,3694,3708,3714,3721,3723,3782,3783,3790,4360,4362,4364,4365,4367,4370,4373,4375,4377,4374,4376,4377,4383,4384,4391,4498,4500,4507,4511,4512,5312,5313,5314,5319,5320
h15,h8,1640,1640,27,28,27,28,29,30,31,32,33,34,35,34,155,200,205,217,223,224,231,232,234,270,282,312,314,320,603,604,606,605,606,607,917,918,938,968,969,1027,1119,1120,1143,1156,1755,1759,2163,2177,2178,2179,2189,2503,2515,2516
h12,h9,1585,1585,434,435,436,437,438,439,440,441,442,443,619
h64,h18,1638,1638,11,13,19,15,43,26,38,10,12,14,27,45,46,47,14,15,16,17,18,19,21,22,30,31,31,32,124,126,126,127,278,278,501,506,507,510,769,770,771,772,773,774,777,810,810,811
h10,h12,1644,1644,11,12,13,14,21,22,23,24,25,26,27,29,30,31,32,34,35
h106,h19,1634,1634,19,22,31,32,33,38,39,40,41,42,43,44,45,46,47,48,49,18,20,37,17,21,23,24,25,26,27,28,29,30,34,35,36,41,42,43,44,42,53,54,55,56,91,92,93,336,337,338,339,341,336,339,485,507,723,761,1049,1158,1345,1660,1659,1703
h30,h4,1643,1643,29,30,36,37,32,33,34,35,38,44,18,19,22,24,25,26,27,28,31,33,32,97,98,202,230,231,232,233,234,230,231,265,271,271,282,281,291,457,548,555,556,872,873,874,877,1011,1012,1114,1117,1155,1156,1249,1251,1252,1252,1419,1798,1992
h118,h28,1646,1646,4,5,31,33,14,5,7,8,9,10,11,12,13,15,16,17,18,19,20,21,48,49,50,51,52,53,54,55,84,84,85,86,87,114,115,332,334,336,337,338,340,343,348,451,454,628,629,633,636,640,641,681,683,712,713,714
h69,h24,1651,1651,19,21,22,23,24,25,26,27,28,29,30,31,32,33,34,35,41,42,43,45,47,48,49,9,10,11,12,13,14,15,16,17,18,20,36,37,38,39,40,44,46,13,14,15,12,9,10,11,9,10,23,25,26,27,28,29,47,343,346,347,348,349,351,347,348,349,348,350,387,389,391,392,393,404,405,408,409,555,556,558,622,623,624,719,861,862,931,934,934,1242,1240,1241,1390,1434,1435,1437,1438,1439,1440,1444,1649,1650,1654,1649,1650,1796,1798,1800,1800,1801,1867,1869,1870,1875,1988,2036,2039,2040,2136,2169,2170,2175,2171,2172,2170,2171,2341,2342,2343,2344,2508,3273
h36,h10,1654,1654,28,29,30,34,25,26,27,32,33,36,37,38,39,25,26,27,28,29,30,31,32,294,295,296,297,298,299,300,373,388,388,389,390,662,663,666,667,996,1002,1040,1066,1387,1391,1507
h42,h22,1660,1660,15,23,25,30,32,34,37,38,29,105,103,104,107,108,109,104,105,106,104,122,128,128,129,596,914
h138,h32,1664,1664,23,24,25,26,27,28,29,30,31,32,33,34,35,36,37,38,41,42,44,46,48,49,47,51,52
h91,h23,1662,1662,39,41,42,43,44,45,46,47,49,54,55,56,57,58
h86,h24,1673,1673,0,4,1,2,3,5,40,39,49,22,23,24,25,26,28,139,209,214,215,217,229,232,235,237,238,240,262,279,601,603,604,605,606,646,659,849,850,851,853,1031,1032,1035,1076
h49,h19,1620,1620,279,280
h141,h28,1667,1667,98,99,100,101,102,103,104,105,106,107,108,109,110,114,128
h87,h28,1681,1681,37,38,39,40,41,42,43,44,45,46,47,48,49,33,34,35,36,162,164,161,163,189,190,189,190,191,212,223,224,520,715,719,790,790,791,792,814,817,818,818,834,837,838,1064,1065,1199,1395,1397
h85,h14,1537,1537,100,101,102,100,101,341,344,402,461,465,466,595,601,604,600,602,600,709,759,761,764,765,772,776,893,899,901,912,911,1089,1092,1095,1091,1092
h106,h14,1633,1633,176,176,177,178,179,215,279,310,311,452,698,699,698,702,704,1144,1146,1147,1521,1526,1613,1617,1618,1657,1808,1808,1810,2037,2038,2042,2044,2045,2048,2357,2358,2359,2360,2659,2662,3027,3292,3293,3761,3867,3869,4052,4303,4304,4305,4529,4530,4532,4534,4812,4813,4815,4959,5106,5107,5108,5109
h76,h13,1670,1670,48
h115,h3,1565,1565,297,298,300,304,305,322,323,322,323,324,325,326,327,385,512,513,514,517,518,515,516,515,518,559,560,561,564,633,725,731,730,731,730,732,731,765,768,999,1017,1020,1022,1029,1030,1088,1091,1242,1243,1293,1318,1321,1322,1322,1323,1436,1437,1458,1461,1492,1694,1691,1700,2276,2696,2695,3107,3108,3109,3111,3109,3404,3867,3955,3959
h103,h23,1682,1682,24,23,25,30,33,57,58,59,60,61,62,63,106,135,260,261,262,263,264,263,264,416,419,420,568,569,572,573,571,574,579,652,650,651,654,839,1008,1038,1039,1136,1263,1264,1266,1283,1285,1300,1417,1504,1505,1736,1739,1876,2114,2115,2282,2283,2284
h26,h12,1679,1679,58,71,72,73
h135,h3,1657,1657,6,8,10,11,12,13,14,30,31,33,38,39,40,41,139,140,149,150,151,165,166,457,464,466,467,459,460,464,689,690,970,977,978,979,976,978,982,1152,1154,1154
h43,h31,1661,1661,185,186,189,190,191,192,207,206,208,231,232,323,318,319,320,321,322
h94,h21,1684,1684,32,33,40,25,26,29,31,25,26,27,28,30,28,136,143,197,230,232,313,400,438,558,564,604,599,600,605,605,606,605,640,648,646,648,647,650,651,652,652,1041,1043,1045,1050,1042,1044,1048,1049,1047,1050,1068,1232,1228,1233,1248,1249,1592,1597,1594,1595,1597,1601,1600
h7,h2,1671,1671,36,37,38,39,40,41,42,43,44,45,36,37,38,39,39,40,41,42,41,42,43,143,144,145,146,149,150,482,498,709,710,711,717,721,722,733,734,737,738,780,880,881,884,887,888,985,987,988,990,991,1001,1008,1008,1012,1016,1019,1063,1065,1070,1071,1072,1250,1251,1262,1265,1271,1272,1274,1275,1280,1285,1288,1289,1291,1295,1297,1311,1312,1313,1880,1881,2204,2205,2210,2211,2217,2251,2252,2257,2262,2263
h39,h15,1694,1694,106,107,108,109,111,114,99,100,101,102,103,104,105,110,112,113,115,120
h81,h11,1696,1696,26,27,28,29,30,33,34,40,44,45,54,55,56,57
h74,h2,1701,1701,33,34,13,31,32,35,36,37,38,39,14,15,16,18,19,20,21,70,67,68,69,67,68,116,112,113,114,115,293,299,300,308,309,312,313,316,371,471,484,485,521,626,647,646,648,650,861,860,864,864,863,866,865,892,894,895,893,896,897,1050,1051,1052,1053,1056,1242,1243,1246,1419,1420,1416,1418,1421,1419,1427,1424,1425,1426,1557,1556,1716,1722,2465,2464,2467,2471,2664,2870,2981,2983,2982,2982,3151,3154,3155
h43,h19,1658,1658,172,174,175,176,301,302,303,304,305,306,307,308,341,342,343,344,345,346,347
h59,h29,1707,1707,24,32,34,35,37,42,44,45,47,48,4,5,6,7,23,46,49,15,16,17,19,19,20,21,22,23,24,25,31,31,32,33,33,34,35,39,40,41,42,321,324,354,713,745,795,795,796,797,798,993,993,994,995,1208,1469,1475,2162,2163,2165,2171,2172,2173,2162,2164,2165,2627,2628,2631,2633,2634,2635,3800,3801,3987,3990,3991,4066,4069,4069,4131
h40,h10,1496,1496,406,407,440,469,473,474,475,476,488,489,502,517,517,518,519,521,525,525,526,528,529,530,539,541,564,585,585,811,1304,1312,2168,2169,2175,2176,2180,2340,2350
h32,h30,1718,1718,10,11,12,17,19,22,10,12,14,15,16,15,16,17,115,116,143,148,159,167,177,192,193,202,203,361,365,367,371,373,374,371,372,510,511,516,533,553,555,636,642,636,637,638,639,1348,1349,1350,1351,1352,1353,1354,1379,1381,1383,1388,1400,1404,1615,1616,1618,1625,1644,1664,1756,1758,1762,1763,2013,2014,2015,2016,2017,2233,2233,2234,2235,2262,2265,2317,2317,2318,2319,2327,2328
h118,h31,1699,1699,45,46,47,48,49,141,142,143,144,145,146,147,299,300,301,302,303,304,305,311,312,313,314,315,351,352,354,355,356,357,358,387,388,389,390,391,392,393,394,692,699,746,747,1097,1099,1100,1101,1102
h43,h5,1721,1721,59,60,63,48,52,53,54,55,56,57,58,65,74,75,76,77,78,79,95,210,299,299,300,614,615,616,617,618,619,740,741,741,742,753,755,756,756,757,760,761,773,789,790,898,899,900,898,899,909,910,909,916,946,1083,1085,1087,1086,1087,1087,1343,1403,1408,1404,1407,1543,1547,1548,1977,1978,2215,2275,2276,2277,2278,2279,2353,2354,2359,2546,3383
h144,h24,1727,1727,45,46,47,48,11,12,13,14,15,16,17,18,19,20,21,22,23,24,25,26,27,28,29,30,31,32,33,34,35,36,37,38,39,40,41,42,43,44,49,23,24,25,26,27,54,47,53,55,85,86,87,88,91,92,93,138,160,160,162,163,164,166,182,211,312,313,336,386,387,387,413,452,453,455,456,456,456,636,635,641,640,645,642,787,790,835,836,837,1046,1241,1245,1245,1247,1342,1379,1380,1577,1580,1657,1900,1909,1906,2118,2858,2861,2862,2979
h113,h8,1732,1732,15,16,17,18,19,20,21,22,23,25,26,29,30,33,35,36,38,40,42,43,49,12,13,14,24,39,44,46,47,48,0,1,2,3,4,6,7,8,9,10,11,27,28,31,32,34,37,41,45,54,56,61,69,70,69,70,71,87,91,150,151,206,208,209,210,317,320,319,320,321,324,325,340,447,448,456,482,591,700,854,855,858,859,860,861,906,909,913,1021,1024,1416,1419,1423,1434,1436,1788,1789,1794,1795,1796,2192,2195,2196,2199
h69,h3,1736,1736,20,22,30,32,21,27,28,29,33,36,46,47,49,51,48,50,52,53,59,60,61,62,81,89,90,102,105,474,471,472,475,485,486,695,718,721,723,826,882,883,882,886,965,967,969,971,968,971,1001,1069,1241,1549,1553,1554,1776,1778,1793,1882
h64,h28,1739,1739,35,38,40,41,21,12,13,14,15,16,17,18,19,20,22,23,24,25,26,27,28,29,30,31,32,37,39,45,46,47,50,51,52,50,51,66,107,108,109,110,316,764,765,770,772,823,863,864,865,867,995,1001,1051,1052,1146,1147,1148,1152,1153,1154,1182,1183,1187,1187,1385,1487,1633,1739,1775,1818,1851,1853,2005,2055,2056,2170,2171,2172,2233,2239,2240,2514,2756,2786,2947,2947
h128,h6,1743,1743,14,15,16,17,18,19,21,22,25,26,42,45,28,29,30,31,32,67,68,69,70,71,72,73
h107,h21,1749,1749,42,43,50,35,36,38,39,40,41,44,45,46,47,48,49,51,52,53
h24,h11,1748,1748,0,1,2,3,4,5,6,7,8,9,10,11,12,13,14,15,16,17,18,20,21,22,23,24,25,26,9,11,12,13,14,15,16,17,18,19,20,21,22,23,24,0,1,2,3,4,5,6,7,8,77,80,81,82,83,84,139,435,436,437,439,438,439,517,521,518,518,519,522,523,594,847,850,851,853,851,894,895,901,902,1015
h130,h6,1647,1647,49,50,51,52,53,54,55,56,57,58,59,60,61,71,74,75,76,77,78,80,82,83,84,85,140,141,142,143,144,145,146,147,161,162,164,161,162,163,177,204,462,462,463,480,481,485,489,792,795,793,797,798,796,797,799,802,819,823,820,821,827,1034,1041,1366,1388,1389,1393,1394,1398,1665,1666,1670,1673
h14,h6,1688,1688,0,1,2,3,4,5,6,7,8,9,10,11,12,13,14,15,16,17,18,19,20,21,22,23,24,25,26,27,28,29,30,31,32,33,34,35,36,37,38,39,40,41,42,43,44,45,46,47,48,49,51,52,177,178,177,178,243,244,245,255,257,300,302,303,304,306,407,408,689,690,805,810,812,817,818,818,819,823,824,855,860,861,859,860,881,882,881,883,951,952,953,954,1423,1433,1465,1471,1474,1477,1488,1489,2181,3075,3082,3083,3086,3087
h82,h21,1704,1704,236,237,238,239,240,483,484,485
h7,h13,1652,1652,633
h102,h28,1758,1758,88,87,171,173,174,175
h97,h31,1762,1762,45,47,48,49,50,51,52,53,54,53,54,55,92,93,94,104,105,106,140,141,142,143,158,159,160,161,456,457,460,461,462,463,464,465,466,785,829,865,1777
h14,h7,1773,1773,23,24,25,26,27,28,35,36
h30,h24,1775,1775,0,2,3,4,5,6,7,8,9,10,11,12,13,14,15,16,17,18,19,20,21,22,23,26,27,28,29,30,31,32,33,34,35,36,37,38,39,40,41,42,43,44,45,46,47,48,49,30,31,37,30,31,32,33,34,83,90,91,95,96,99,109,110,111,525,526,528,529,532,533,534,553,721,723,724,729,730,731,1219,1222,1223,1228,1229,1235,1234,1238,1243,1244,1245,1246,1634,1635,1638,1641,1642,1644,1645,1646,1645,1646
h97,h14,1780,1780,46,47,48,49,16,17,18,19,20,21,22,23,24,25,26,27,28,29,30,31,32,33,34,35,36,37,38,41,42,43,44,45,120,122,123,119,121,156,157,205,206,207,208,209,270,290,384,385,386,412,413,432,582,588,634,635,746,776,1133,1134,1134,1135,1138,1139,1188,1329,1331,1332,1331,1332,1355,1356,1357,1358,2212,2213,2454,2455,2972,2977,2978,3160,3162,3608,3609,3617,3613,3742,3967
h48,h30,1778,1778,69,71,73,75,62,63,64,65,66,67,68,70,72,74,76,77,70,101,102,104,105,101,102,113,114,118,174,175,174,181,182,183,187,219,308,305,306,307,305,306,308,307,309,313,314,315,314,313,532,533,554,554,578,580,805,806,828,829,831,843,844,848,849,851,852,876,1158,1162,1229,1232,1233,1234,1235,1236,1234
h134,h6,1765,1765,130,131,156,157,158,159,160
h109,h6,1779,1779,32,33,34,130,381,526,523,524,525
h29,h15,1781,1781,30,35,12,37,45,29,31,32,33,34,36,41,44,20,21,22,42,49,118,504,505,506,524,525,526,591,592,605,608,829,900,975,978
h46,h9,1791,1791,0,1,2,3,4,5,6,7,8,9,10,11,12,13,14,15,16,17,18,19,20,21,22,23,24,25,26,27,28,29,30,31,32,33,34,35,36,37,38,39,40,41,42,49,0,1,2,3,4,5,6,7,8,9,10,11,12,13,14,15,16,17,18,19,20,21,22,23,24,10,11,12,13,14,15,16,294,295,296,578,583,617,621,617,618,619,620,619,620,747,821,823,824,824,825,826,1244,1246,1248,1247,1532,1533,1534,1543,1545,1535,1536,1540,1542,1656,1658,1658,1660,1668,1670,1876,1877,1882,1882,1883,1990,1996,1993,2220,2221,2222,2226,2222,2223,2304,2311,2306,2306,2321,2366,2367,2368,2368,2532,2535,2536,2538,2686,2686,2687,2688,2904,2907,2908,2910,2911,2912,2916,2916,2917,2918,2918,2919,2920,2921
h113,h28,1777,1777,211,215,216,224,224,214,217,218,219,223,225,227,228
h113,h25,1792,1792,11,5,6,7,8,9,10,12,13,14,15,16,17,18,19,20,21,22,23,24,25,26,27,28,29,30,31,32,33,34,35,36,37,38,39,40,41,42,43,44,45,46,47,48,49,10,17,17,18,19,20,17,18,19,20,72,74,81,84,85,87,89,91,92,92,96,97,96,101,128,148,149,150,274,281,361,362,358,415,449,450,510,511,512,518,735,742,826,831,840,842,903,904,907,909,914,915,1074,1081,1077,1078,1079,1189,1190,1221,1224,1225,1314,1375,1530,1533
h26,h31,1789,1789,143,144,145,146,151,242,243,244,245,311,436,539,540
h19,h31,1804,1804,12,13,14,18,30,32,33,129,130,131,272,273,274,430,431,432,433,434,436,437
h58,h9,1805,1805,26,27,28,29,33,37,42,35,36,37,38,39,44,45,44,45,45,57,58,59,126,127,128,132,126,128,174,173,188,224,225,226,225,226,265,267,292,289,291,328,330,331,331,331,332,430,446,447,497,501,499,500,500,500,614,661,662,663,666,730,731,737,732,732,815,816,817,818,836,874,876,950,950,952,1013,1062,1063,1062,1063,1196,1197,1220,1292,1293,1296,1428,1430,1432,1579,1583
h66,h19,1759,1759,378,379,380,381,382,707,708,709,710,711,712,713,714,715,716,717,718,719,720
h125,h22,1812,1812,43,15,16,17,19,20,21,22,23,24,25,26,35,36,37,38,39,40,41,42,15,16,17,18,19,20,21,41,42,43,44,45,71,73,72,130,190,189,189,257,255,256,300,305,302,304,562,561,810,814,816,835,838,839,839,840,848,859,860
h7,h16,1714,1714,534,535,536,537,538,539,540,541
h50,h16,1819,1819,45,46,47,48,49,102,110,111,112,113,137,138,141,143,275,473,474,572,825,827
h64,h23,1810,1810,38,39,40,42,65,67,70,114,183,187,557,573,574,709,754,755,855,894,898,953,956,1001,1002,1002,1062,1063
h51,h2,1796,1796,206,207,432,433,434,435,436,437,438,439,440,441,442,443,444,445,446,447,448,449,450,451,452,445,446,447,448,449
h127,h15,1828,1828,27,28,29,30,31,32,33,34,35,19,20,21,22,23,24,25,26,42,43,44,45,46,49,11,12,13,15,16,17,18,36,37,38,39,11,12,13,14,15,16,21,22,23,17,18,19,20,24,111,106,107,108,109,110,159,161,189,190,236,248,251,269,360,363,369,416,415,422,421,423,564,587,626,626,627,661,918,919,925,920,922,924,1023,1094,1098,1136,1137,1137,1137,1335,1340,1343,1352,1354,1355,1353,1531,1536,1535,1600,1767,1813,1951,1960,2101,2102,2132,2135,2258,2259,2261,2636,2631,2640
h132,h19,1831,1831,17,18,19,20,21,22
h90,h28,1827,1827,38,37,39,40
h43,h24,1835,1835,4
h46,h28,1829,1829,5,6,17,18,19,36,25,26,27,84,85,86,87,88,92,114,267,269,269,270,272,319,321,322,438,612,637,639,809,1002,1092,1368,1707,1946,1949,1950
h17,h15,1842,1842,4,5,6,7,9,19,26,28,39,0,1,2,3,8,10,11,14,15,16,17,18,25,31,32,33,34,35,36,37,38,40,49,8,3,4,19,24,18,21,22,23,26,95,209,248,253,254,376,379,413,417,414,415,416,414,418,419,497,642,647,871,877,877,878,881,882,913,915,1184,1190,1191,1192,1422,1423,1424,1425,1426,1427,1452,1785,1784,1790,1808,1806,1807,2016,2025,2027,2024,2026,2029,2030,2245,2251,2254,2255,2441,2448,2641
h142,h27,1843,1843,16,17,18,19,20,21,22,23,24,25,26,27,28,29,30,31,32,33,34,35,36,37,38,39,40,41,46,47,10,11,12,13,14,15,49,0,1,2,3,4,5,6,7,8,9,42,43,44,45,48,11,17,18,16,19,20,21,22,24,50,55,56,57,58,59,69,70,71,133,198,200,201,202,203,201,258,256,257,263,260,262,263,259,526,528,529,528,687,705,795,794,990,994,996,1113,1119,1120,1141,1142,1145,1149,1153,1160,1346,1400,1401,1402,1406,1414,1417,1475,1478,1687,1688,1690,1691,2176,2178,2179,2320,2323,2326,2330,2331,2333,2495,2496
h110,h32,1840,1840,1,3,12,44,39,40,41,42,43,47,48,5,11,4,6,7,10,21,22,24,22,131,132,132,134,160,166,266,350,351,382,385,596,597,600,601,602,617,619,618,618,620,653,672,747,747,750,751,781,951,967,994,996,997,997,998,1101,1122,1211,1212,1213,1236,1237,1262,1441,1657,1817,1818,2072,2073,2074,2075,2076,2077,2078
h129,h14,1847,1847,9,10,11,12,13,14,15,19,21,27,30,33,39,11,12,16,25,208,224,223,225,226,254,257,390,394,528,528,592,593,595,627,696,698,715,716,728,730,741,831,833,1061,1063,1059,1060,1059,1061,1062,1064,1065,1195,1199,1259,1430,1433,1434,1435,1437,1436,1435,1434,1436,1818,1819,1818,1959,1989,2227,2225,2226,2230,2233,2413,2415,2414,2419,2712,2710,2711,2719,2728,2734,2736,2735,2920,2925,2928,2927,3093,3096,3097,3098,3095,3241,3242,3243,3244,3245,3246
h115,h23,1838,1838,34,37,46,47,17,18,19,20,21,22,23,24,25,26,27,28,29,30,31,32,33,35,36,38,39,40,41,42,43,44,45,48,49,29,30,31,32,35,33,34,32,87,192,233,263,536,550,549,597,690,691,838,844,1246,1252,1253,1466,1468,1539,1755,1772,1771,2048,2134,2193
h112,h13,1836,1836,28,29,30,31,32,33,34,35,36,37,38,39,40,72,73,74,75,76,91,92,125,126,137,138,143,144,326,327,332,597,600,602,607,597,598,607,608,612,612,612,613,800,801,802,802,807,802,804,807,807,808,976,979,1003,1004,1006,1007,1008,1009,1106,1107,1106
h37,h17,1857,1857,29,25,26,27,28,30,31,43,49,50,51,61,59,60,61,100,101,102,123,122,125,173,174,278,284,321,325,427,430,727,730,765,768,769,772,772,773,1113,1115,1116,1150,1285,1287,1287,1288,1403,1750,1751,1786,1792,1818,1821,1950,1952,2167,2375,2376,2378,2379,2375,2377,2378,2625,2627,2627,2775,2776,2881,2885
h73,h6,1871,1871,0,1,2,3,4,5,6,7,8,9,10,11,14,16,18,20,22,24,27,35,36,37,38,39,40,41,42,43,44,45,46,47,49,19,21,25,26,28,29,30,31,32,33,34,48,12,13,15,17,23,35,36,37,38,42,43,44,45,46,42,43,44,42,47,310,311,312,313,312,392,461,466,723,765,764,767,768,769,775,776,775,777,931,961,987
h65,h25,1856,1856,97,98,99,100,101,102,103,104,105,211,212
h108,h26,1869,1869,25,26,28,30,31,32,34,14,15,16,17,18,19,20,21,22,23,24,27,29,33,35,36,37,38,39,40,41,42,43,44,45,46,47,48,49,22,25,16,17,18,19,20,21,23,24,26,27,28,77,78,79,80,81,82,83,92,91,120,121,127,128,129,142,145,147,148,149,147,148,148,158,159,265,302,308,529,530,531,532,533,803,807,808,956,957,960,961,1157,1174,1175,1178,1181,1182,1184,1342,1524,1525,1677,1678,1793,1794,1795,2109
h84,h9,1860,1860,37,38,39,40,41,42,43,44,45,46
h58,h9,1859,1859,46,47,48,49
h133,h9,1854,1854,24,25,26,27,28,29,30,31,32,33,34,35,36,37,38,39,40,41,42,43,44,45,46,47,48,49,50,51,52,53,54,55,56,57,58,46,47,48,49,50,51,52,53,52,53,54,226,227,252,253,257,253,254,331,333,428,428,429,455,501,501,502,503,579,647,672,674,788,789,789,790,790,927,928,931,933,935,936,937,936,937,970,971,974,987,994,1024,1168,1173,1174,1328,1400,1401,1624,1625,1626,1627,1628,1917,1921,1925,1921,1922,1923,2050,2169,2170,2176,2360,2360,2361,2362,2362,2838,2840,2841,2843,2839,2842,2843
h122,h9,1870,1870,38,39,40,41,14,15,16,17,18,19,20,21,22,23,24,25,26,27,28,29,30,51,52,45,47,48,49,50,81,82,122,121,122,124,126,128,127,186,187,188,255,257,258,263,299,302,303,508,509,510,512,513,514,508,509,510,571,572,729,743,744,745,751,754,757,812,813,814,815,862,863,865,868,865,865,867,869,1134,1137,1138,1140,1141,1140,1142,1142,1143,1148,1149,1224,1225,1229,1230,1228,1230,1294,1295,1298,1382,1383,1388,1387,1637,1690,1690,1691,1692,1693,1693,1694,1694,1695,1696,1697,1698,1712,1888,1889,1890,1940
h141,h20,1855,1855,133,134,135,136,137,679,680,681,685,686,926,927,1093,1096,1098,1309,1367,1368,1495,1496,1633,1797,1798,1947,1948
h113,h17,1878,1878,40,36,41,44,36,37,38,39,40,42,43,45,47,53,54,59,61,336,338,335,344,347,346,348,346,347,350,351,352,360,362,387,404,554,568,567,569,570,568,572,599,601,602,608,610,613,613,620,619,621,671,671,673,674,673,675,1003,1004,1009,1008,1101,1102,1455,1453,1454,1456,1629,1746,1748,1747,1749,1802,1799,1800,1804,1809,2114,2136,2134,2135,2134,2136,2137,2135,2136,2137
h72,h2,1883,1883,6,7,8,9,10,11,12,13,14,15,16,17,18,19,20,21,22,24,26,27,28,29,30,31,32,33,34,35,36,37,38,39,40,41,42,43,44,45,46,47,48,49,0,1,2,3,4,5,23,25,4,0,1,2,3,5,6,7,8,9,10,11,12,13,14,15,16,17,18,19,20,21,22,23,24,0,1,2,3,4,5,6,7,8,9,10,11,12,21,168,170,367,372,426,509,516,722,772,1151,1153,1315,1316,1541,1542,1544,1658,1659,1665,1667,1669,1671,1951,1952,1956,1958,1959,1960,1960,2345,2347,2503,2870,2871,3083,3085,3467,3471,3473,3476,4122,4127,4437,4444,4449,4450,4886,4889
h86,h24,1850,1850,282,283,284,285,286,287,288,289,272,273,274,275,276,277,278,279,280,281
h94,h29,1868,1868,111,112,113,114,115,116,117,118,119,120,121,122,123,118,119,120,121,122,151,157,158,159,195,196,199,200,228,229,230,231,229,230,386,390,393,418,421,1045,1046,1046,1499,2292,2293,2738,2739,3045,3045,3046,3246,3252,3642,3649,3650,3997,3998,3999,4001,4002,4134,4479,4764,4769,4770,5127,5667,5668,6114
h14,h13,1862,1862,238
h48,h24,1888,1888,60,61,60,61,62,63,64,65,63,65,73,229,233,237,297,298,300,303,500,505,506,852,853,861,908,914
h61,h9,1875,1875,274,275,276,277,278,279,280,281,282,283,284,285,286,287,288,289,290,291,292,293
h32,h2,1897,1897,42,44,46,43,76,77,78
h56,h13,1894,1894,37,36
h23,h19,1848,1848,353,354,355,356,357,358,359
h139,h29,1905,1905,62,62,63,64,65,66,67,68,69,70,71,62,63,64,65,66,179,180,181,179,180,181,182,183,184,185,199,282,338,349,350,542,580,770,877,878,917,920,1063,1116,1117,1119,1237,1240
h85,h4,1851,1851,150,151,238,292,293,294,295,296,297,298,299,300,301,292,293,294,295,296,474,538,539,539,540,542,542,543,544,548,609,610,655,886,1086,1091,1090
h135,h2,1793,1793,10,23,9,11,12,28,270,271
h29,h2,1858,1858,313,306,307,320,321,322,323,324,325,326,327
h118,h1,1907,1907,21,22,23,25,26,27,29,30,33,35,37,38,39,40,42,45,46,48,20,32,49,94,95,96,97,98,99,100,101,102,103,104,105,106,126,127,128,129,130,169,502,504,506,507,508,504,505,822,927,1182,1183,1184
h141,h2,1595,1595,836,838,839,845
h108,h28,1895,1895,164,167,163,166,168,172,173,177,180,179,179,178
h127,h28,1910,1910,17,21,11,12,23,15,24,32,35
h39,h25,1911,1911,16,12,13,14,15,24,27,12,13,14,15,16,17,74,75,76,74,278,282,283,278,282,284,285,286,288,294,306,307,363,523,526,528,529,530,717,721,855,857,885,1036,1331,1334,1335,1333,1380,1582,1585,1700,1818,2157,2158,2159,2157,2158,2177,2189,2295,2296,2300,2484,2510,2513,2590,2862,2863,3193,3288,3495,3615
h56,h12,1872,1872,215,216,215,216,217,216,237,296,427,428,589,593,596,596,626,627,763,764,765,945,946,948,965,1004,1008,1190,1191,1654,1655,1684,1916,2268,2269,2363,2365,2366,2404,2402,2403
h79,h32,1902,1902,91,97,95,96,131,131,132,137,139,142,143,503,507,508,541,542,646,651,652,670,797,811,811,812,844,845,847,1014,1132,1137,1142,1139,1140,1223,1228,1228,1229,1230,1271,1272,1330,1547,1548,1549,1550,1600,1603,1606,1602,1605,1604,1611,1615,1616,1616,1664,1665,1668,1669,1670,1671,1849,1850,1854,1855,1856,2024,2025,2027,2026,2029,2034,2033,2195,2480,2547,2550,2553,2556,2557,2554,2555,2558,2562,2562,2563,2564,2833,2834
h56,h8,1913,1913,21,25,29,18,19,20,23,24,214,215,213,215,243,254,255,256,264,325,326,400,406,404,404,405,406,412,441,443,466,572,574,577,580,579,608,609,610,614,615,614,674,675,673,675,674,715,920,921,926,928,926,930,928,929,931,928,929,933,940,939,1213,1214,1217,1221,1364,1478,1482,1483,1484,1488,1733,1734,1735,1778,1780,1786,1785,1937,1948,1954,1952,1953,2621,2625,2626,2620,2622,2624,2622,2624,2626,2621,2623,2625,2629,2635,3176,3175,3183,3727,3728,3733,3744
h18,h16,1919,1919,3,4,5,8,10,15,19,20,25,28,41,42,43,49,95,96,98,99,100
h34,h15,1920,1920,15,20,49,0,1,2,3,4,5,6,7,8,9,10,11,12,13,14,16,18,19,21,22,23,24,25,26,27,28,29,30,31,32,33,34,35,36,37,38,39,40,41,42,43,44,45,46,47,48,31,20,23,32,33,21,24,25,26,20,23,86,90,103,104,105,106,152,156,206,215,337,447,530,531,533,532,564,567,706,823,982,983,984,986,987,988,1051,1167,1170,1168,1169,1170,1171,1188,1189,1190,1191,1443,1446,1645,1754,1755,1770,2039,2246,2277,2460,2462,2594,2600,2655
h55,h16,1921,1921,7,8,10,12,26,31,121,122,123
h66,h28,1927,1927,19,20,21,22,23,24,25,26,27,28,29,30,31,32,33,34,35,39,45,46,47,48,49,13,14,15,16,17,18,36,37,14,15,16,17,18,19,20,21,22,23,24,25,23,24,29,30,31,350,351,356,357,356,513,514,906,967,968,1060,1113,1258,1306,1320,1321,1322,1323,1325,1329,1391,1392,1427,1429,1430,1431,1478,1479,1557,1558,1559,1562,1616,1617,1620,1710,1712,1716,1719,1901,2086,2089,2090,2093,2094,2095,2382,2384,2390,2796,3229,3237,3429,3443,3443,3448,3458
h43,h22,1863,1863,503,504,505,506,507,508,509,510,511,512
h76,h20,1937,1937,23,29,31,37,22,24,26,28,30,32,35,36,21,42,61,64,85,227,284,283,285,286,364,368,524,525,894,895,1048,1048,1746,1919,2256
h55,h31,1935,1935,30,15,16,17,18,19,20,21,22,23,24,25,26,27,28,29,31,32,33,34,35,36,37,38,39,40,41,42,43,44,86,161,162
h67,h19,1938,1938,31,32,33,34,35,36,37,38,39,41,43,10,24,25,26,27,28,29,30,40,8,9,11,12,23,42,44,45,46,47,48,40,39,41,42,39,40,41,56,138,139,141,140,142,342,646,645,728,739,738,842,841,845,846,849
h68,h5,1939,1939,11,13,24,25,26,27,28,29,30,31,32,33,37,38,27,29,77,79,80,136,142,144,279,285,287,288,289,320,330,484,735,743,1078,1079,1081,1458,1460,1464,1467,1469,1472,1471,1473,1475,1481,1508,1513,1830,1831,1833,1835,1836,1837,1838,1835,1836,1837,1838,1839,1840,2113,2347,2438,2511,2593,3253,4695,4696,4697,4705,4706,5412,5413,5414,5415,5423,5424
h10,h31,1932,1932,40,41,42,43,44,45,46,48,49,434,496,497,498
h17,h30,1945,1945,14,15,16,17,18,23,26,28,29,14,15,16,17,18,19,14,15,16,45,96,97,99,166,169,171,173,174,265,266,275,527,528,529,529,531,538,541,541,544,550,551,552,556,557,557,558,557,558,616,617,618,623,624,626,629,628,629,643,644,645,646,656,657,659,660,661,689,695,696,734,738,742,743,745,746,747,748,1010,1011,1012,1013,1024,1374,1375,1376,1381,1494,1495,1496,1498,1499,1500,1501,1507,1510,1513,1514,1515,1516,1518,1530,1955,1966,1969,1972,2460,2465
h24,h2,1946,1946,28,35,42,48,0,1,2,3,4,5,6,7,8,9,10,11,13,14,15,16,17,18,19,20,21,22,23,24,25,26,27,29,30,31,32,33,34,36,37,38,39,40,41,43,44,45,46,47,49,15,16,17,18,19,20,76,77,96,155,163,337,339,569,648,650,797,801,803,861,862,866,867,861,868,869,867,869,870,886,917,919,964,966,968,971,973,973,975,976,1103,1106,1377,1378,1381,1472,1576,1578,1577,1701,1707,1709,1717,1718,1718,1718,1719,1719,1720,1744,1746,1878,1880,2032,2143,2389
h132,h14,1948,1948,21,22,23,24,26,27,28,30,32,33,34,35,36,37,38,39,40,41,42,43,44,45,46,47,48,49,17,18,19,20,25,29,31,1,2,6,11,20,21,17,18,23,19,22,35,39,43,46,47,48,79,81,89,127,200,204,203,205,206,207,250,281,323,354,356,361,402,452,631,633,635,633,634,659,971,978,976,975,1180,1179,1474,1476,1477,1478,1576,1578,1854
h116,h21,1944,1944,23,38,39,40,43,45,16,17,18,19,20,21,22,24,25,26,27,28,29,30,31,32,33,34,35,36,37,41,42,44,46,47,48,49,32,99,100,236,283,297,301,311,357,358,362,673,676,678,674,682,679,685,706,815,820,821,820,821,822,984,1182,1183,1184,1295,1448,1449,1450,1453,1547,1550,1671,1808,1955,1956,2112,2113,2130,2131,2130,2131,2740
h124,h9,1951,1951,40,41,42,53,54,55,56,57,58,59,62,63,64,65,66,67,68,69,70
h123,h12,1925,1925,334,337,341,355,356,358,321,322,323,324,325,326,327,328,329,330,331,332,333,335,336,338,339,340,342,343,344,345,346,347,348,349,350,351,352,353,354,357,359,360,361,362,337,341,518,519,520,521,522,523,524,525,526,527
h19,h27,1957,1957,23,29,30,31,32,33,62,87,88,89,90,91,92,93,94,97,240,245,267,268,374,375,447,448,449,450,451,453,454,458,458,461,463,464,464,465,470,725,735,738,738,749,787,792,794,796,797,798,926,927,927,929,930,929,929,938,948,951,952,966,1357,1358,1359,1360,1364,1365,2180,2181,2537,2703,2713,3150,3160,3163,3572,4158,4164,4167,4179
h111,h14,1964,1964,3,0,1,2,4,35,38,43,44,45,18,19,20,21,22,23,24,27,38,39,44,85,387,388,389,529,529,531,536,537,537,542,694,857,1130,1131,1360,1362,1360,1361,1362,1364,1804,1806,1948,1945,1946,1971,2233,2239,2240,2237,2240,2256,2286,2287,2288,2295,2519,2520,2748,2753,3077,3076,3078,3079,3081,3083,3083,3081,3082,3394,3623,3624,3633,3632,3822,3827,3828,3829,3828,3829,3826,3830,3838,4329,4328,4337,4339,4340,4335,4332,4333,4335,4334,4485
h135,h24,1971,1971,19,21,23,24,25,26,27,29,30,31,35,37,38,39,42,61,63,124,130,131,131,135,137,138,136,136,137,291,292,330,420,422,424,426,423,425,426,436,498,503,502,516,517,518,521,521,522,637,649,655,673,1104,1105,1108,1272,1273,1274,1604,1609,1609,1617,1799,1865,2234,2235,2237,2238,2238,2406,2409,2637,2642,2640,2642,2640,2643,2644
h87,h11,1968,1968,52,54,42,43,44,45,46,47,48,49,50,51,53
h51,h3,1757,1757,333,375,376,377,378,379,413,436,464,465,697,698,698,697,698,840,841,854,1061
h137,h26,1966,1966,40,41,42,43,44,45,46,44,125,126,127,126,127,126,288,312,374,372,390,512,513,514,759,763,763,765,883,908,969,967,968,969,1111,1113,1115,1116,1117,1118
h120,h21,1978,1978,20,21,22,23,24,25,26,27,28,29,30,31,32,33,34,35,36,37,38,39,41,18,19,40,42,43,44,45,46,47,48,49,15,28,29,32,34,48,49,149,247,250,253,504,509,510,511,512,514,675,823,824,825,826,827,876,880,882,938,940,941,945,941,942,943,944,945,946,947,1254,1255,1257,1258,1262,1263,1264,1265,1264,1265,1566,1571,1571,1591,1594,1595,1753,1906,1977,1979,1982,1984,1986,1986,1987,1995,2109,2112,2113,2182,2185,2186,2188,2594,2595,2793,2794,2795,2801,2833
h39,h3,1974,1974,50,51,52,53,54,93,94,97,98,99,100,328,328,329,330,332,483,590,597,596,598,600,886,888,895,1190,1194,1200,1197,1199,1202,1226,1230,1231,1232,1234,1530,1891,1892,1893,1894,1894,1895,1897,1904,1904,1905,1906,2315,2508,2508,3664,3665,3678,3679,3673
h87,h25,1982,1982,25,26,27,28,29,30,31,32,33,34,35,36,37,38,40,41,42,43,44,45,46,47,48,49,23,24,39,0,1,3,4,5,6,7,8,9,10,11,12,13,14,15,16,17,18,19,20,21,22,16,17,24,18,19,20,21,22,23,32,33,34,130,279,280,281,360,361,362,362,363,462,468,464,465,603,649,652,654,654,809,810,962,967,1052,1107,1113,1114,1152,1350,1391,1516,1520,1740,2021,2024,2380,2485,2487,2487,2671,2918,2919,2946
h70,h9,1988,1988,17,19,20,21,24,26,29,30,40,41,42,43,44,45,47,0,1,2,3,4,5,6,7,8,9,10,11,12,13,14,15,16,18,22,23,25,27,28,31,32,33,34,35,36,37,38,39,46,48,49,10,12,14,8,9,0,1,2,18,23,24,17,19,20,21,22,0,1,2,3,4,6,7,8,9,10,11,12,12,16,40,40,41,43,44,44,182,183,183,184,184,184,189,260,260,261,309,315,311,323,324,513,516,517,657,658,661,795,796,799,798,798,836,839,988,989,990,1223,1230,1231
h85,h25,1992,1992,22,23,24,25,26,27,28,29,41,42,44,46,48,49,0,1,2,3,4,5,19,20,21,35,36,37,38,39,40,43,45,47,2,3,7,13,14,15,16,18,19,23,24,1,54,81,231,230,236,235,236,237,236,356,357,356,359,360,359,546,551,553,552,555,730,729,731,943,962,989,990,1094,1139,1141,1361,1360,1362,1363,1364,1363,1447,1530,1653,1656,1656,1657,1675,1688,1986,1992,1993,1990,2223,2226,2383,2416,2415,2420,2424,2423,2879,2885,2883,2884,2879,2884,2886,2887,3047,3048
h94,h9,1995,1995,22,23,24,26,27,28,29,31,32,33,34,35,37,40,20,21,25,30,36,49,22,23,24,25,26,27,171,271,272,279,278,279,280,290,292,304,305,307,304,305,306,311,313,314,318,469,675,677,678,694,695,696,696,698,699,1196,1197,1201,1202,1203,1203,1205,1310,1311,1312,1515,1516,1558,1559,1582,1586,1587,1808,1810,1811,1813,1817,1819,1817,1820,1821,1997,1999,1999,1999,2166,2167,2168,2169,2170,2171,2169,2170,2172,2173,2173,2174,2179,2180,2185,2187
h100,h2,1997,1997,25,17,18,19,20,21,24
h104,h2,1998,1998,6,0,2,4,5
h37,h25,1807,1807,358
h78,h1,1886,1886,37,38,39,40,41,43,44,45,46,47,48,49,50,443,444,445,446,447,449
h120,h5,2015,2015,17,18,19,20,21,22,23,24,25,26,32,34,36,40,43,44,128,138,139,140,141,164,215,240,267,430,436,520,659,662,664,665,750,851,853,1048,1050,1051,1051,1079,1080,1328,1331,1331
h54,h28,2016,2016,10,12,13,14,16,19,40,41,42,52,53,54,55,56,57,58,58,100,101,246,249,516,596,907,1269,1271,1272,1273,1327,1844,2096,2097,2122,2200,2201,2201,2209,2307,2500,2501,2504,3500,3501,3500,3502,3725,3729,4102,4113,4775,4991,4991,4994
h127,h28,1954,1954,185,186,186,187,185,203,204,252,253,254,254,457,458,459,486,487,561,561,562,563,601,602,603,613,838,1200,1205,1205,1206,1228,1227,1436,1436,1437,1498,1572,1844,1845,1848,1849,2048,2049,2128,2264,2521
h97,h20,2012,2012,44,45,46,47,35,36,37,38,39,40,41,42,43,37,38,39,40,41,35,36,174,179,208,208,211,212,211,212,231,386,792,1329,1637,1715,2101,2102,2104,2105,2109,2111,2110,2506,2508,2512,2514,2679,2680,2681,2693,2752,2910,2913,2920,2921,2923,2926,2927,2928,3177,3178,3178,3179,3180,3194,3550,4050,5596,5608
h125,h14,2025,2025,23,24,25,26,27,28,29,31,32,18,19,20,21,22,30,307
h70,h9,2034,2034,16,19,20,24,25,26,28,29,30,31,32,33,35,40,43,44,21,33,34,133,134,137,138,139,165,166,169,376,377,378,379,380,379,381,382,386,388,389,447,463,507,507,508,624,626,627,873,879,880,1023,1025,1026,1031,1217,1218,1219,1231,1244,1273,1276,1277,1434,1435,1436,1562,1563,1568,1569,1570,1864,1865,2028,2185,2189,2190,2191,2555,2556,2557,2558,2779,2782,2784,2785,2786,2787,2789,2791,2796,2780,2782,2783,2981,3188,3342,3343,3344,3345,3347,3348,3349,3350,3347,3348,3350
h112,h18,2031,2031,29,30,33,35,36,36,39,41,42,103,107,108,109,110,111,260,287,359,359,360,362,367,368,369,371,396,397,431,432,433,434,431,432,433,439,441,460,571,572,676,679,698,699,703,704,703,705,743,744,747,828,832,833,834,1225,1226,1227,1228,1236,1242,1734,1921,1924,1925,1927,2170,2227,2230,2232,2233,2287,2324,2325,2324,2325,2326,2932,3151,3153,3154,4490
h135,h26,2030,2030,23,24,25,27,33,36,33,34,35,38,39,157,160,162,166,241,267,269,285,287,288,289,305,306,407,421,432,433,436,467,470,472,477,615,618,617,618,815,936,938,1011,1017
h134,h14,2024,2024,0,1,2,3,8,9,10,11,12,13,17,18,20,21,22,10,11,12,13,14,15,16,19,23,24,76,170,173,243,244,245,369,373,374,584,863,920,927,1045,1051,1312,1313,1314,1319,1321,1313,1315,1316,1317,1317,1319,1619,1620,1627,1862,1908,1908,1909,1910,2434,2557,2595,2597,2598,2925,2927,2926,2928,3231,3232,3235,3236,3237,3239,3241,3243,3671,3674,3675,3676,3841,4457
h39,h20,2041,2041,36,38,41,43,44,45,46,47,48,49,51,32,34,37,39,40,42,63,164,165,166,209,210,270,455,453,454,456,459,464,461,627,626,789,1021,1375,1648,2318
h68,h17,1931,1931,703,704,705,706,707,708,711,700,701,702,709,710,716
h31,h17,2042,2042,28,29,30,32,33,34,35,36,38,39
h116,h2,2011,2011,150,151,152,153,188
h66,h32,2046,2046,14,15,17,19,36,37,38,39,40,81,78,80,82,83,84,102,132,169,170,169,195,197,196,198,227,242,292,293,380,383,382,383,407,480,482,483,480,481,495,513,514,602,649,652,691,755,881,897,1054,1056,1057,1058,1066,1068,1312,1431,1471,1475,1808,1810,1890,1891,1988,2021,2022,2230,2372,2491
h5,h23,2037,2037,86,93,96,81,82,83,84,85,87,88,89,90,91,92,94,95,97,98,100,101
h61,h13,2051,2051,14,15,16,19,21,22,23,24,25,26,27,36,37,40,43,44,45,46,47,48,49,0,1,2,3,4,5,6,7,8,9,10,11,12,13,17,18,20,28,29,30,31,32,33,34,35,38,39,41,42,2,3,4,5,6,7,8,9,10,11,13,15,16,17,19,20,24,12,14,18,21,22,23,5,6,7,8,26,29,33,121,262,297,299,297,406,501,503,538,539,541,541,554,708,709,735,736,737,735,806,814,840,841,842,845,967,974,977,998,999,1067,1168,1171,1198,1199,1200,1201,1251,1395,1399,1400,1401,1461,1597,1609,1727,1726,1727,1768,1825,1830,1830,2049,2054,2054,2065,2068
h31,h27,2029,2029,4,5,6,7,8,9,10,11,12,13,14,15,16,17,18,19,20,21,22,23,24,25,26,27,28,29,30,31,32,33,34,35,36,37,38,39,40,41,42,43,44,45,46,47,48,49,31,36,37,120,123,120,121,122,144,166,167,333,335,336,337,339,341,342,343,339,341,343,341,341,342,344,345,347,348,351,698,701,762,766,779,780,853,865,867,871,873,880,883
h10,h16,1996,1996,127,128,129,130,131,132,133,134,135,136,127,128,129,130,131,345,1658,2273,2274
h120,h27,1852,1852,613,608,609,611,612
h4,h27,1983,1983,380,381,383,384,599,597,598
h40,h1,2059,2059,96,97,99,94,98,101
h9,h23,2064,2064,57,58,59,60,68,69,71,64,61,62,63,107,229,230,228,324,372,374,374,398,397,672,681,678,680,739,740,869,866,867,868,912,1019,1025,1024,1034,1035,1539,1542,1544,1545,1535,1540,1541,1543,1554,1555,1556,1557,1598,1597,1599,2121,2122,2123,2122,2123,2121,2234
h37,h1,2065,2065,29,30,31,32,33,34,35,36,37,50,51
h21,h18,2069,2069,2,3,4,5,6,7,8,9,10,11,12,13,14,15,16,17,18,19,20,21,22,23,24,28,29,33,42,44,45,47,48,18,19,21,28,20,248,323,366,367,440,440,441,593,595,597,599,598,599,600,601,605,606,608,609,610,611,610,611,612,632,635,637,638,639,688,698,701,702,711,712,713,714,714,716,717,721,726,727,802,807,933,935,1347,1348,1349,1352,1353,1354,1366,1504,1513,1801,1805,1806,1807,1809,1830,1833,1834,1836,1942,2943,3627,3636,3884,3888,3889,3890
h39,h30,2063,2063,96,100,101,336,337,338,339,340,341,342,343,344,345,346,347,348,349
h104,h4,2005,2005,150,194,195,196,197,198,194,195,233,241,489,485,486,488,490,491,498,625,625,626,635,733,753,751,754,769,906,904,905,908,1151,1150,1152,1153,1595,1838,1839,2584,2585,2602,2603
h7,h23,2062,2062,0,6,7,18,22,13,16,17,21,12,13,22,23,24,8,9,18,19,20,21,10,104,107,109,111,111,113,112,324,328,332,333,331,332,335,339,340,339,365,604,610,609,612,613,614,887,888,890,951,952,950,958,959,960,1014,1016,1017,1026,1045,1048,1046,1048,1082,1178,2244,2848,3682,3946
h64,h32,2076,2076,34,36,22,24,12,13,16,18,21,25,32,35,38,39,41,21,23,24,25,26,27,29,100,183,184,185,186,188,186,185,187,188,189,188,190,190,210,256,258,258,259,260,260,262,264,265,265,266,267,272,273,287,404,469,470,471,517,519,681,682,709,720,734,735,741,743,750,1154,1157,1158,1156,1482,1498,1498,1673,1674,1700,1702,1703,1706,1704,1705,1711,1893,2087,2103
h73,h2,2078,2078,35,36,37,38,39,40,41,42,44,45,46,48,49,22,23,24,25,26,27,28,29,30,31,32,33,34,43,47,6,7,8,9,10,11,12,13,14,15,16,17,18,19,20,21,25,26,27,28,29,27,28,29,30,31,63,68,69,71,125,126,130,131,132,133,134,370,769,815,1185,1186,1186,1186,1188,1191,1192,1193,1194,1380,1441,1445,1751,1758,1759,1759,1760
h4,h12,2070,2070,174,175,180
h128,h29,2083,2083,23,34,22,25,27,29,30,32,33,37,38,43,48
h39,h29,2087,2087,0,15,4,5,9,10,16
h132,h27,2081,2081,40,41,42,43,44,45,46,19,20,26,27,41,42,43,42,43,44,66,68,75,104,139,140,141,143,141,169,229,294,295,309,313,314,324,472,473,490,491,566,580,582,583,580,581,583,586,846,850,959,961,1283,1284,1306,1357,1358,1442,1443,1656,1722,1723,1723,1724,1724,2243
h37,h17,2089,2089,4,6,8,7,10,11,21,22,23,26,27,29,44,45,46,48,12,56,57,58,129,133,203,204,369,452,455,497,581,604,605,606,786,816,818,819,822,824,825,825,1088,1091,1088,1290,1290,1291,1293,1294,1293,1294,1340,1343,1412,1625,1626,1628,1629,1630,1631,1632,1750,1751,1756,1768,1769,1768,1770,1974,1975,1974,1975,1976,1978,1979,1980,2192,2196,2197,2198,2373,2374,2377,2378,2378,2379
h97,h2,2080,2080,56,59,40,45,55,58,60,61,45,46,47,63,64,65,67,71,167,169,170,171,179,178,171,173,172,175,395,396,397,398,400,483,488,515,518,519,516,517,517,713,714,715,717,718,1002,1002,1007,1009,1010,1035,1232,1230,1231,1234,1235,1237,1634,1633,1635,1642,1643
h101,h5,2085,2085,35,36,38,39,41,46,47,48,29,30,31,32,33,34,37,40,42,43,44,45,49,32,33,35,168,169,170,199,206,274,273,292,364,368,369,377,381,398,407,406,407,426,427,495,544,545,545,544,547,552,593,600,625,628,629,630,633,840,844,848,847,849,851,1172,1173,1175,1188,1191
h57,h29,2039,2039,495,497
h61,h23,2093,2093,18,23,25,26,30,31,32,37,38,43,47,17,19,20,22,24,28,29,33,35,36,40,41,42,44,45,48,49,174,185,194,205,206,206,207,227,295,349,683,686,687,689,688,688,845,847,889,896,923,924,926,927,930,963,992,995,1154,1170,1171,1172,1778,1780,2458,2459
h28,h12,2092,2092,37,40,42,43,44,54,56,36,39,37,38,39,40,41,39,40,41,43,156,190,198,208,249,251,512,512,513,668,670,671,672,673,877,880,881,883,881,883,959,963
h31,h13,2100,2100,10,14,18,19,20,21,22,23,24,25,26,27,33,39,49,8,9,13,17,28,29,30,31,32,34,35,36,37,38,40,41,42,43,44,45,46,47,48,0,1,2,3,4,5,7,11,12,3,6,8,9,10,11,12,14,16,17,19,20,21,23,24,0,1,2,4,5,7,13,15,18,22,35,42,82,85,84,85,86,84,85,462,464,466,469,613,614,619,731,732,736,776,777,777,778,778,779,779,780,781,781,846,967,972,973,970,982,983
h124,h24,2102,2102,26,48,49,50,51,25,27,28,41,35,34,36,37,40,34,38,61,82,81,84,85,83,136,137,236,237,241,239,240,259,260,261,262,356,359,360,360,359,360,384,385,386,547,553,675,682,684,798,1032,1055,1056,1189,1191,1547,1565,1566,1565,1903,1903,1909,2059,2058,2060,2061,2873,3191
h139,h30,2104,2104,43,19,20,22,23,37,39,40,40,41,42,43,42,48,49,49,121,135,136,140,137,138,139,136,137,165,166,168,171,299,300,301,299,300,301,304,303,305,306,305,307,308,309,309,310,323,324,324,469,470,472,469,470,475,476,512,515,518,518,519,520,542,544,544,545,618,1050,1052,1204,1205,1240,1241,1381,1383,1382,1391,1408,1413,1415,1416,1419,2063,2066,2189,2200,2289,2612,2609,2610,2612,2611,2831,2837
h114,h29,2108,2108,13,14,16,17,18,19,20,21,22,23,24,25,26,27,28,29,30,33,36,39,41,42,43,22,19,20,24,25,40,39,165,166,171,170,408,428,445,446,447,448,689,693,711,712,874,970,1170,1168,1169,1171,1293,1293,1295,1296,1297,1298,1300,1386,1537,1644,1645,1646,1685,1686,1685,1688,1689,1687,1779,1821,1822,1821,2380
h94,h18,2111,2111,33,40,37,38,39,41,44,45,46,47,60,62,63,64,155,196,199,201,202,201,203,277,278,281,282,283,283,284,299,300,325,327,329,330,373,572,595,596,597,598,912,913,1023,1026,1029,1109,1110,1194,1371,1375,1380,1380,1632,1635,1640,1643,1646,1648
h87,h9,2119,2119,44,12,13,14,15,16,17,18,19,20,21,22,23,24,25,26,27,28,29,30,31,32,33,34,35,36,37,38,39,40,41,42,43,45,46,47,48,49,20,12,13,14,15,16,17,18,19,22,23,24,26,30,49,53,54,189,191,192,191,192,193,193,196,197,196,197,205,206,207,285,286,287,301,332,333,355,488,489,490,497,498,501,502,654,655,659,713,714,715,725,728,728,731,733,734,735,848,863,869,936,937,943,1036,1037,1041,1039,1039,1166,1166,1167,1294,1538,1539,1538,1539,1540,1546,1549,2027,2032,2033,2033,2032,2034,2212,2213,2215
h133,h5,2096,2096,110,137,138,139,140,141,193,206,207,264,315,317,353,354,355,360,602,603,669,686,690,691,692,691,829,852,1069,1074,1077,1078,1079,1082,1090,1212,1210,1252,1253,1256,1257,1258,1259,1552,1553,1554,1743,2129,2130,2130,2131,2659,2661,2690
h120,h29,2116,2116,36,38,42,49,51,26,27,28,29,30,31,32,33,34,35,37,39,40,41,43,44,45,46,47,48,50,133,139,140,141,181,182,185,224,225,228,228,229,600,601,602,605,624,625,626,1003,1008,1416,1417,1420,1422,1427,1423,1424,1427,1487,1488,1489,1490,1521,1522,1747,1748,1747,1748,1749,1750,2192,2194,2195,2197,2499,2502,2503,2837,2840,2917,3067,3068,3069,3070,3162,3641,3642,3643,3644,3650,3651,3706
h103,h1,2124,2124,5,49,7,11,13,14,34,35,36,37,38,39,40,41,42,43,44,45,46,47,48,11,12,13,14,12,11,13,14,50,54,226,224,225,229,424,425,428,429,450,452,456,459,636,637,1657,1658,1663,1664,1665,1666,1667,1660,1662,1663,1675,1683,1684,1694,1720,1898,1899,1900,2136,2138,2139,2140,2305,2878,2879,2880,2887,2883,2884,2881,3011,3012,3013,3014,3018,4457
h63,h15,2132,2132,21,22,24,25,27,29,31,33,35,37,38,42,46,48,15,16,17,18,19,20,23,26,28,30,32,34,36,40,41,43,44,45,47,49,60,117,119,121,127,282,496,498,509,510,511,512,514,515,843,845,848,960,1181,1215,1216,1221,1490,1702,1703,1704,1868,1869,1870,1869,1995,2246,2250,2251,2251,2253,2254,2255,2256,2259,2542,2545,2854,3754,3921,4433,4653
h55,h30,2123,2123,57,61,62,63,64,65,57,58,59,60,89,83,84,85,86,87,88,90,91,83,84,85,86,87,83,208,211,210,485,491,492,486,490,493,487,488,489,487,489,528,620,621,622,637,642,716,717,711,718,719,715,713,714,956,957,958,959,990,991,994,997,998,999,998,999,1001,1013,1017,1018,1016,1028,1187,1217,1220,1265,1267,1266,1265,1268,1266,1267,1441,1442,1440,1443,1444,1443,1442,1444,1445,1446,1445,1446,1448,1449,1450,1502,1505,1507,1511,1905,1907,1910,1911,1909,1915,1916,1918,1917,1917,2201,2202,2898,3274,3273,3483,3485,3816
h41,h8,2136,2136,13,17,19,12,18,20,34,35,42,43,45,36,86,87,85,151,155,156,275,408,407,411,409,407,408,413,415,554,552,553,558,574,573,577,578,579,577,578,605,606,608,611,616,617,617,618,784,782,783,795,826,828,829,848,849,874,949,954,956,957,1204,1205,1212,1216,1216,1217,1223,1455,1461,1462,1724,1725,1963,1961,1962,1964,1967,2006,2011,2397,2402,2407,2407,2703,2705,2708
h61,h28,2141,2141,19,20,21,22,23,24,25,26,27,28,29,30,31,32,33,34,35,36,37,38,39,40,41,42,43,44,45,46,47,48
h68,h27,2142,2142,0,1,2,3,4,5
h122,h7,2115,2115,83,82,82,83,84,84,167,168,169,231,265,300,669,691,966,995,1040,1147,1294,1312,1323,1324,1564,1796,1797,1798,1799,1868
h36,h31,2138,2138,70
h103,h4,2147,2147,23,24,25,26,27,28,29,30,31,32,33,34,35,36,37,38,39,40,43,44,14,15,16,17,18,19,20,21,22,46,49,0,1,2,3,4,5,6,7,8,9,10,11,12,13,41,42,45,47,48,52,53,54,55,175,310,428,430,486,488,489,491,492,863,872,875,1243,1271,1411,1714,1718,1719,1720
h86,h16,2137,2137,15,16,17,18,19,20,21,22,23,24,25,26,27,28,29,30,31,32,34,35,36,37,38,39,40,41,71,71,72,73,74,75,132,470,471,473,821,1879
h99,h2,2152,2152,21,28,29,30,31,32,33,34,36,37,39,40,41,43,44,45,46,14,15,16,17,18,19,20,22,23,24,25,26,27,35,38,42,48,49,4,5,6,7,8,9,11,12,13,47,18,19,20,21,22,23,24,25,26,26,31,32,145,146,148,154,177,320,318,472,474,473,498,508,512,512,513,622,624,626,623,658,658,659,660,667,669,929,926,931,937,935,937,937,941,942,1015,1091,1092,1268,1436,1656,1657,2040,2035,2039,2041,2044,2041,2038,2039,2042,2038,2041,2281,2284,2288,2289,2548,2894,2897,2898,2902,2909,2908,3586,3579,3580,3584,3585,4155
h119,h4,2159,2159,36,37,38,39,40,41,42,43,44,45,46,47,27
h105,h5,2166,2166,7,8,9,11,12,14,26,28,29,30,33,35,37,39,40,41,42,43,44,45,46,47,48,49,0,1,2,3,4,5,6,10,13,15,16,17,18,19,20,21,22,23,24,25,27,31,32,34,36,38,54,55,121,263,270,271,431,432,433,436,441,663,685,687,688,689,690,859,863,860,861,1033,1035,1036,1040,1041,1041,1042,1166,1179,1211,1212,1217,1219,1220,1636,1885,1889,1893,2022,2023,2029,2033,2034,2035,2131,2136,2132
h83,h27,2150,2150,23,24,25,26,27,28,32,33,118,122,124,126,178,247,373,376,377,379,373,374,511,512,513,514,516,516,518,519,520,521,523,524,662,663,681,997,1088,1090,1131,1250,1293,1295,1302,1303,1308,1308,1309,1610,1617,1618,1622,1913,1972,1973,3313,3319,3320,3321,3317,3325,3326,3378,3379,3380,3455,3802,3804,3806,3807,4800
h134,h32,2161,2161,26,27,28,30,32,33,34,35,36,37,38,39,40,41,25,29,43,35,36,42,64,65,189,194,251,252,254,256,255,374,425,426,427,428,432,433,435,437,439,441,444,670,674,688,692,693,695,729,731,794,800,801,875,882,883,879,1052,1732,1734,1734,1735,1736,1788,1789,1792,1792,1794,1795,1796,1805,1809,2025,2026,2027,2031,2093,2094,2099,2101,2155,2246,2247,2253,2254,2382,2383,2618,2619,2697,2698,2700,2699,2700,3241,3242,3244,3245,3246,3249,3253,3254,3256,3262
h16,h11,2153,2153,31,32,33,34,35,36,37,38,39,116,254,255,261,262,264,277,428,435,436,437,573,775,776,779,781,782,783,784,784,787,788,878,880,881,887,892,893,900,1349,1355,1357,1362,1367,1368,1367,1368,1369,1382,1383,1386,1394,1432,1433,1443,1454,1464,1806,1807,1811,1814,2565,2567,2570,2571,2583,3366,3367,3370,3557,3565,3566,3567,3568,3567,3568,3585,3597,3604,3605,3612,3627,3633,3891
h94,h4,2128,2128,381,403,404
h77,h6,2156,2156,17,18,19,20,21,22,23,27,28,29,30,31,32,33,34,35,36,37,38,39,40,41,42,43,44,45,46,47,49,17,18,19,20,21,22,23,24,25,26,27,28,29,147,148,147,148,149,150,330,432,433,439,440,441,453,785,787,816,1024,1128,1129,1131,1136,1130,1132,1131,1132,1131,1132,1511,1512,1513,1515,1516,1512,1512,1513,1514,1520,1521,1522,1523,1524,1629,1977,1982,1984,1986,1987
h13,h2,2170,2170,22
h60,h16,2172,2172,37,40,36,38,39,42,1,2,3,4,5,6,7,8,9,10,11,12,13,14,15,16,17,18,19,20,21,22,23,24,25,26,27,28,29,30,31,32,33,34,35,41,43,44,45,46,47,48,49,46,47,48,48,49,49,49,50,566,568,567,627,628,645,696,697,697,699,696,698,734,896,899,949,950,951,950,952,1360,1370,1375,1376,1372,1419,1458,1508,1511,1515,1760,1761,1765,1766,2118,2125,2130,2128,2529,2531,2534,2535
h77,h7,2176,2176,39,40,42,153,154,155,185,190,226,225,522,524,525,665,666,891,895,895,911,1058,1060,1057,1067,1066,1068,1105,1110,1109,1189,1689,1691,1692,1684,1685,1688,1690,1697,1698,1690,1686,1688,1703,1700,1702,1764,1764,1916,1917,1918,2316,2315,2317,2318,2321
h23,h24,2179,2179,32,188,191,192,193,194,198,199,247,248,294,295,298,296,297,298,343,404,411,412,544,545,894,904,908,914,917,918,1393,1394,1395,1396,1400,1404,1407,1486,1487,1488,1551,1552,1554,1555,1556,1559,1600,1601,1641,1651,1966,1967,1969,1970
h14,h26,2183,2183,12,15,16,17,19,28,35,41,42,37,45,46,47,39,0,1,2,3,4,5,7,8,9,10,11,13,14,22,23,24,25,26,27,30,31,32,33,34,36,38,40,43,44,48,49,12,19,15,21,171,184,185,186,190,191,374,406,468,540,541,542,603,683,736,739,739,740,957,958,963,959,989,990,991,1221,1222,1427,1428,1588,2221,2418
h126,h7,2182,2182,27,32,37,38,39,42,48,49,166,169,170,295,450,460,461,661,702,711,943,945,946,1062,1064,1082,1082,1156,1161,1162,1163,1162,1525,1530,1534,1853,1856,2021,2023,2025,2026,2027,2030,2031,2033,2034,2037,2038,2239,2240,2241,2242,2595,2596,2597,2758,2759,3007,3010,3011,3014,3226,4266,4267,4268,4418
h84,h28,2188,2188,31,32,38,39,41,42,30,37
h137,h16,2055,2055,537
h45,h28,2190,2190,11,12,14,20,24,49,0,1,2,3,4,5,6,7,8,9,10,13,15,16,17,18,19,21,22,23,38,39,40,41,42,43,45,46,47,48,10,13,0,1,2,3,4,5,6,7,8,9,11,12,15,17,18,19,20,21,22,23,17,140,363,368,434,435,436,435,467,603,607,608,932,938,976,982,983,984,983,984,1356,1357,1380,1382,1549,1551,1552,1555,1556,1769,1770,1773,1777,2398,2624,2624,2625,2626,3216,3409,3410,3414,3415,4060,4064,4451,4450,4454,5308
h68,h28,2186,2186,32,34,39,40,41,42,43,44
h138,h12,2195,2195,25,27,17,46,0,1,2,3,4,5,6,7,8,9,10,11,12,13,14,15,16,18,19,20,21,22,23,24,26,28,29,30,31,32,33,40,41,42,43,44,45,47,48,20,21,22,23,24,27,57,180,184,334,335,364,415,416,417,420,415,417,418,417,606,607,609,613,614,687,688,694,838,843,1161,1164,1165,1460,1464
h10,h6,2185,2185,29,30,31,32,33,34,35,36,37,38,39,40,41,29,30,31,32,33,34,35,143,394,395,396,397,398,399,400,401,402,406,416,418,427,947,1042,1043,1044,1047,1087,1089,1090,1090,1091,1092,1521,1522,1524,1528,1530,1532,1905,1927
h128,h30,2196,2196,13,14,15,22,23,24,25,22,23,24,25,47,48,192,353,354,356,355,356,415,491,576,577,581,582,577,581,579,579,582,582,583,584,585,586,591,592,617,618,620,621,622,620,623,623,943,944,945,999,1163,1164,1165,1286,1288,1286,1287,1288,1292,1293,1585,1589,1587,1588,2903,2904,2906,2909,2906,2907,2908,2907,2908,2907,3149,3150,3151,3151,3152,3492,3498,3502,3503,4780,4781,4782,5315,5580
h11,h19,2194,2194,2,3,4,5,6,7,8,9,10,11,12,13,14,15,16,17,18,19,20,21,22,23,24,25,26,31,32,33,35,36,38,39,40,88,314,319,315,317,315,319,464,507,821,823
h13,h17,2218,2218,23,27,29,18,19,20,21,22,24,25,26,28,47,27,28,27,28,30,33,82,125,126,125,126,127,133,186,407,410,411,459,462,661,666,669,670,702,703,704,704,1035,1036,1037,1038,1038,1039,1068,1069,1068,1070
h104,h10,2217,2217,12,15,22,13,14,21,28,41,42,37,40
h68,h9,2220,2220,23,38,15,1,2,22,25,26,16,17,21,24,19,20,20,25,56,58,57,61,58,57,59,322,329,326,327,327,328,329,335,334,337,338,414,413,434,467,474,473,475,474,475,476,478,479,483,485,524,677,678,680,680,682,682,684,683,695,694,708,709,752,749,752,786,789,935,934,940,944,945
h142,h10,2164,2164,285,288,292,293,294,305,306,307,309,310
h97,h8,2223,2223,19,20,21,22,23,24,25,26,27,29,30,31,32,33,15,16,306,307,357,392,408,429,430,431,432,435,466,534,535,536,540,751,755,756,785,846,880,886,1071,1071,1073,1078,1101,1144,1299,1300,1301,1303,1592,1593,1599,1606,1606,1777,1908,2176,2316,2318,2886,3326,3333,3335,3333,3336,3341,3611,4678,4688,5248
h18,h27,2222,2222,21,22,23,24,25,26,27,28
h1,h30,2224,2224,1,34,35,41,17,18,19,20,21,23,24,25,26,27,28,29,30,31,32,33,36,37,38,39,40,42,43,44,45,46,47,48,49,48,49,50,51,52,53,54,48,49,50,60,132,133,138,134,135,134,134,135,136,166,217,218,218,439,440,440,458,554,668,668,669,760,762,844,857,865,867,869,968,970,1050,1134,1135,1170,1237,1295,1298,1301,1477,1478,1481,1566,1568,1567,1568,1688,1689,1827,1828,3075
h104,h10,2215,2215,76,78,79,80,81,88,89,90,91
h136,h10,2229,2229,0,1,2,3,42,44,46,48,22,23,24,25,26,27,28
h144,h19,2236,2236,3,4,5,6,7,8,9,10,11,12,13,14,15,16,17,18,19,20,21,22,23,24,25,26,27,28,29,30,31,32,33,34,36,38,39,40,43,44,45,46,47,48,49,0,1,2,35,37,41,42,3,4,6,10,14,16,17,18,19,20,21,22,24,5,7,8,9,11,12,13,15,23,138,137,139,140,137,178,179,184,291,292,366,376,377,378,615
h121,h17,2240,2240,3,4,5,20,21,22,23,45,48
h130,h28,2234,2234,41,42,44,45,46,47,48,49,50,51,52,53,54,55,56,100,101,104,103,104,106,108,109,111,112,111,112,528,677,914,1291,1291,1295,1590,1592,1680,1835,2068,2368,2370,2378,2380,2586,2732,2734,2739,2735,2736,2737,2811,2960,2961,2961,2967,2968,2969,3126,3128
h87,h30,2231,2231,52,53,61,63,67,55,56,57,58,59,60,62,64,65,66
h96,h27,2238,2238,51,51,52,53,54,55,56,115,188,188,189,190,190,191,192,427,428,429,435,597,600,601,602,745,800,1092,1093,1116,1196,1198,1201,1220,1380,1380,1742,1745,1746,1755,2024,2029,2154,2219,2219,2222,2448,2545,2888,2889,3417,3418,3419,3420,3472,3934,3936,4299
h86,h16,2203,2203,208,209,210,211,205,206,207,327,461,471,485,495,496,2645
h142,h31,2254,2254,9,10,11,12,16,18,3,4,5,6,7,8,97,96,98,99,100,99,100,297,300,349,515,531,1922,1975,2184,2185,2189,2666,2667,3302
h85,h30,2252,2252,30,31,33,36,26,27,28,32,34,35
h68,h10,2261,2261,21,22,11,32,38,17,40,20,45,20,21,22,26,19,21,22,23,24,25,65,185,231,272,579,580,582,671,671,672,782,804,1102,1103,1105,1114,1115,1205,1241,1242,1243,1246,1247,1313,1314,1323,1345,1560,1568
h61,h7,2253,2253,16,17,18,19,20,21,22,23,24,25,26,27,28,29,30,31,32,33,34,35,36,37,38,39,40,41,42,43,44,45,46,47,48,49,39,59,281,288,602,603,604,609,609,633,634,635,759,786,978,1332,1333,1335,1336,1338,1463,1465,1466,1466,1469,1555,1564,1565,1566,1718,1920,1920,1927,1928,2197,2198,2199,2197,2198,2199,2523,2524,2525,2528,2532,2811,2814,2816,2820,2826,3043,3044,3045,3046,3045,3050,3051,3053,3054,3086,3736,3739,4131,4132
h131,h14,2250,2250,267
